REGION,SETTLEMENTDATE,TOTALDEMAND,RRP,PERIODTYPE,METHOD
NSW1,1/01/2019 0:30,7457.58,66.95,TRADE,ARIMA
NSW1,1/01/2019 1:00,7243.21,69.33,TRADE,ARIMA
NSW1,1/01/2019 1:30,6918.55,72.8,TRADE,ARIMA
NSW1,1/01/2019 2:00,6676.58,70.31,TRADE,ARIMA
NSW1,1/01/2019 2:30,6513.24,66.98,TRADE,ARIMA
NSW1,1/01/2019 3:00,6400,63.87,TRADE,ARIMA
NSW1,1/01/2019 3:30,6317.4,62.2,TRADE,ARIMA
NSW1,1/01/2019 4:00,6242.08,50.22,TRADE,ARIMA
NSW1,1/01/2019 4:30,6229.28,53.75,TRADE,ARIMA
NSW1,1/01/2019 5:00,6198.13,50.29,TRADE,ARIMA
NSW1,1/01/2019 5:30,6241.44,47.59,TRADE,ARIMA
NSW1,1/01/2019 6:00,6290.89,48.63,TRADE,ARIMA
NSW1,1/01/2019 6:30,6415.2,53.17,TRADE,ARIMA
NSW1,1/01/2019 7:00,6508.09,45.82,TRADE,ARIMA
NSW1,1/01/2019 7:30,6749.01,48.96,TRADE,ARIMA
NSW1,1/01/2019 8:00,6920.99,52.18,TRADE,ARIMA
NSW1,1/01/2019 8:30,7208.88,48.21,TRADE,ARIMA
NSW1,1/01/2019 9:00,7441.69,53.69,TRADE,ARIMA
NSW1,1/01/2019 9:30,7711.7,61.01,TRADE,ARIMA
NSW1,1/01/2019 10:00,7995.99,59.08,TRADE,ARIMA
NSW1,1/01/2019 10:30,8241.91,66.33,TRADE,ARIMA
NSW1,1/01/2019 11:00,8448.3,68.42,TRADE,ARIMA
NSW1,1/01/2019 11:30,8662.51,77.27,TRADE,ARIMA
NSW1,1/01/2019 12:00,8903.65,89.49,TRADE,ARIMA
NSW1,1/01/2019 12:30,9098.25,91.87,TRADE,ARIMA
NSW1,1/01/2019 13:00,9261.03,91.87,TRADE,ARIMA
NSW1,1/01/2019 13:30,9438.9,96.62,TRADE,ARIMA
NSW1,1/01/2019 14:00,9618.07,95.5,TRADE,ARIMA
NSW1,1/01/2019 14:30,9761.39,95.8,TRADE,ARIMA
NSW1,1/01/2019 15:00,9932.58,92.96,TRADE,ARIMA
NSW1,1/01/2019 15:30,10088.02,91.35,TRADE,ARIMA
NSW1,1/01/2019 16:00,10242.97,107.51,TRADE,ARIMA
NSW1,1/01/2019 16:30,10398.45,101.87,TRADE,ARIMA
NSW1,1/01/2019 17:00,10562.71,90.78,TRADE,ARIMA
NSW1,1/01/2019 17:30,10612.81,93.91,TRADE,ARIMA
NSW1,1/01/2019 18:00,10522.14,116.02,TRADE,ARIMA
NSW1,1/01/2019 18:30,10333.52,123.43,TRADE,ARIMA
NSW1,1/01/2019 19:00,10063.53,131.15,TRADE,ARIMA
NSW1,1/01/2019 19:30,9801.12,112.5,TRADE,ARIMA
NSW1,1/01/2019 20:00,9696.41,98.72,TRADE,ARIMA
NSW1,1/01/2019 20:30,9474.14,103.01,TRADE,ARIMA
NSW1,1/01/2019 21:00,9220.31,98.46,TRADE,ARIMA
NSW1,1/01/2019 21:30,8956.15,90.3,TRADE,ARIMA
NSW1,1/01/2019 22:00,8574.7,71.58,TRADE,ARIMA
NSW1,1/01/2019 22:30,8412.75,103.54,TRADE,ARIMA
NSW1,1/01/2019 23:00,8118.29,77.85,TRADE,ARIMA
NSW1,1/01/2019 23:30,7839.53,74.77,TRADE,ARIMA
NSW1,2/01/2019 0:00,7633.77,77.3,TRADE,ARIMA
NSW1,2/01/2019 0:30,7361,75.45,TRADE,ARIMA
NSW1,2/01/2019 1:00,7136.01,62.53,TRADE,ARIMA
NSW1,2/01/2019 1:30,6840.9,59.47,TRADE,ARIMA
NSW1,2/01/2019 2:00,6624.94,45.77,TRADE,ARIMA
NSW1,2/01/2019 2:30,6481.67,46.45,TRADE,ARIMA
NSW1,2/01/2019 3:00,6426.5,56.44,TRADE,ARIMA
NSW1,2/01/2019 3:30,6431.29,59.42,TRADE,ARIMA
NSW1,2/01/2019 4:00,6466.94,63.42,TRADE,ARIMA
NSW1,2/01/2019 4:30,6616.06,66.01,TRADE,ARIMA
NSW1,2/01/2019 5:00,6686.19,65.71,TRADE,ARIMA
NSW1,2/01/2019 5:30,6963.81,71.59,TRADE,ARIMA
NSW1,2/01/2019 6:00,7234.55,84.19,TRADE,ARIMA
NSW1,2/01/2019 6:30,7545.75,91.97,TRADE,ARIMA
NSW1,2/01/2019 7:00,7819.46,93.95,TRADE,ARIMA
NSW1,2/01/2019 7:30,8102.21,95.32,TRADE,ARIMA
NSW1,2/01/2019 8:00,8342.44,100.6,TRADE,ARIMA
NSW1,2/01/2019 8:30,8582.59,92.29,TRADE,ARIMA
NSW1,2/01/2019 9:00,8781.68,91.87,TRADE,ARIMA
NSW1,2/01/2019 9:30,8959.65,93.17,TRADE,ARIMA
NSW1,2/01/2019 10:00,9173.43,91.74,TRADE,ARIMA
NSW1,2/01/2019 10:30,9426.85,106.25,TRADE,ARIMA
NSW1,2/01/2019 11:00,9619.04,102.11,TRADE,ARIMA
NSW1,2/01/2019 11:30,9802.56,98.84,TRADE,ARIMA
NSW1,2/01/2019 12:00,10005.07,122.31,TRADE,ARIMA
NSW1,2/01/2019 12:30,10136.4,113.11,TRADE,ARIMA
NSW1,2/01/2019 13:00,10342.06,186.8,TRADE,ARIMA
NSW1,2/01/2019 13:30,10521.07,112.15,TRADE,ARIMA
NSW1,2/01/2019 14:00,10716.78,110.53,TRADE,ARIMA
NSW1,2/01/2019 14:30,10942.52,120.82,TRADE,ARIMA
NSW1,2/01/2019 15:00,10901.94,108.24,TRADE,ARIMA
NSW1,2/01/2019 15:30,10754.86,92.61,TRADE,ARIMA
NSW1,2/01/2019 16:00,10724.06,90.63,TRADE,ARIMA
NSW1,2/01/2019 16:30,10498.18,100.93,TRADE,ARIMA
NSW1,2/01/2019 17:00,10434.63,115.01,TRADE,ARIMA
NSW1,2/01/2019 17:30,10252.5,106.79,TRADE,ARIMA
NSW1,2/01/2019 18:00,10187.44,123.65,TRADE,ARIMA
NSW1,2/01/2019 18:30,9940.76,106.24,TRADE,ARIMA
NSW1,2/01/2019 19:00,9693.76,107.14,TRADE,ARIMA
NSW1,2/01/2019 19:30,9558.47,91.71,TRADE,ARIMA
NSW1,2/01/2019 20:00,9443.96,100.39,TRADE,ARIMA
NSW1,2/01/2019 20:30,9253.56,100.55,TRADE,ARIMA
NSW1,2/01/2019 21:00,8946.84,88.02,TRADE,ARIMA
NSW1,2/01/2019 21:30,8820.49,92.49,TRADE,ARIMA
NSW1,2/01/2019 22:00,8444.44,82.44,TRADE,ARIMA
NSW1,2/01/2019 22:30,8325.25,82.25,TRADE,ARIMA
NSW1,2/01/2019 23:00,8043.19,77.55,TRADE,ARIMA
NSW1,2/01/2019 23:30,7845.51,85.16,TRADE,ARIMA
NSW1,3/01/2019 0:00,7667.46,81.88,TRADE,ARIMA
NSW1,3/01/2019 0:30,7422.27,68.21,TRADE,ARIMA
NSW1,3/01/2019 1:00,7222.76,76.78,TRADE,ARIMA
NSW1,3/01/2019 1:30,6955.24,74.59,TRADE,ARIMA
NSW1,3/01/2019 2:00,6726.25,67.02,TRADE,ARIMA
NSW1,3/01/2019 2:30,6619.08,68.21,TRADE,ARIMA
NSW1,3/01/2019 3:00,6569.36,66.37,TRADE,ARIMA
NSW1,3/01/2019 3:30,6529.21,65.47,TRADE,ARIMA
NSW1,3/01/2019 4:00,6522.65,60.39,TRADE,ARIMA
NSW1,3/01/2019 4:30,6625.18,66.23,TRADE,ARIMA
NSW1,3/01/2019 5:00,6721.64,69.16,TRADE,ARIMA
NSW1,3/01/2019 5:30,6987.92,73.96,TRADE,ARIMA
NSW1,3/01/2019 6:00,7206.49,75,TRADE,ARIMA
NSW1,3/01/2019 6:30,7525.7,78.38,TRADE,ARIMA
NSW1,3/01/2019 7:00,7877.83,88.21,TRADE,ARIMA
NSW1,3/01/2019 7:30,8157.31,78.91,TRADE,ARIMA
NSW1,3/01/2019 8:00,8338.14,82.08,TRADE,ARIMA
NSW1,3/01/2019 8:30,8538.89,89.72,TRADE,ARIMA
NSW1,3/01/2019 9:00,8596.93,96.05,TRADE,ARIMA
NSW1,3/01/2019 9:30,8756.03,97.67,TRADE,ARIMA
NSW1,3/01/2019 10:00,8877.01,95.1,TRADE,ARIMA
NSW1,3/01/2019 10:30,8986.01,104.82,TRADE,ARIMA
NSW1,3/01/2019 11:00,9161.77,118.79,TRADE,ARIMA
NSW1,3/01/2019 11:30,9276.83,109.83,TRADE,ARIMA
NSW1,3/01/2019 12:00,9477.42,107.6,TRADE,ARIMA
NSW1,3/01/2019 12:30,9576.92,92.48,TRADE,ARIMA
NSW1,3/01/2019 13:00,9614.9,88.58,TRADE,ARIMA
NSW1,3/01/2019 13:30,9747.6,94.11,TRADE,ARIMA
NSW1,3/01/2019 14:00,9893.62,105.59,TRADE,ARIMA
NSW1,3/01/2019 14:30,10106.68,115.29,TRADE,ARIMA
NSW1,3/01/2019 15:00,10268.19,120.09,TRADE,ARIMA
NSW1,3/01/2019 15:30,10440.93,116.85,TRADE,ARIMA
NSW1,3/01/2019 16:00,10540.06,159.14,TRADE,ARIMA
NSW1,3/01/2019 16:30,10449.56,109.84,TRADE,ARIMA
NSW1,3/01/2019 17:00,10354.61,115.44,TRADE,ARIMA
NSW1,3/01/2019 17:30,10127.28,125.94,TRADE,ARIMA
NSW1,3/01/2019 18:00,9999.44,108.63,TRADE,ARIMA
NSW1,3/01/2019 18:30,9855.65,110.22,TRADE,ARIMA
NSW1,3/01/2019 19:00,9656.44,100.23,TRADE,ARIMA
NSW1,3/01/2019 19:30,9552.96,132.46,TRADE,ARIMA
NSW1,3/01/2019 20:00,9499.1,154.44,TRADE,ARIMA
NSW1,3/01/2019 20:30,9297.62,100.08,TRADE,ARIMA
NSW1,3/01/2019 21:00,9002.23,78.27,TRADE,ARIMA
NSW1,3/01/2019 21:30,8845.9,90.04,TRADE,ARIMA
NSW1,3/01/2019 22:00,8633.79,77.47,TRADE,ARIMA
NSW1,3/01/2019 22:30,8438.75,92.56,TRADE,ARIMA
NSW1,3/01/2019 23:00,8193,93.72,TRADE,ARIMA
NSW1,3/01/2019 23:30,7961.82,79.52,TRADE,ARIMA
NSW1,4/01/2019 0:00,7713.75,77.63,TRADE,ARIMA
NSW1,4/01/2019 0:30,7488.22,74.19,TRADE,ARIMA
NSW1,4/01/2019 1:00,7240.73,70.79,TRADE,ARIMA
NSW1,4/01/2019 1:30,6968.62,58.85,TRADE,ARIMA
NSW1,4/01/2019 2:00,6698.83,55.63,TRADE,ARIMA
NSW1,4/01/2019 2:30,6601,54.48,TRADE,ARIMA
NSW1,4/01/2019 3:00,6517.74,55.51,TRADE,ARIMA
NSW1,4/01/2019 3:30,6533.27,52.29,TRADE,ARIMA
NSW1,4/01/2019 4:00,6527.73,48.24,TRADE,ARIMA
NSW1,4/01/2019 4:30,6684.81,48.22,TRADE,ARIMA
NSW1,4/01/2019 5:00,6769.13,41.05,TRADE,ARIMA
NSW1,4/01/2019 5:30,7052.51,64.79,TRADE,ARIMA
NSW1,4/01/2019 6:00,7357.04,65.99,TRADE,ARIMA
NSW1,4/01/2019 6:30,7685.31,93.05,TRADE,ARIMA
NSW1,4/01/2019 7:00,7962.14,87.47,TRADE,ARIMA
NSW1,4/01/2019 7:30,8235.51,85.63,TRADE,ARIMA
NSW1,4/01/2019 8:00,8400.45,89.36,TRADE,ARIMA
NSW1,4/01/2019 8:30,8661.02,91.3,TRADE,ARIMA
NSW1,4/01/2019 9:00,8859.97,94.06,TRADE,ARIMA
NSW1,4/01/2019 9:30,9025.48,108.87,TRADE,ARIMA
NSW1,4/01/2019 10:00,9243.34,106.91,TRADE,ARIMA
NSW1,4/01/2019 10:30,9443.79,107.06,TRADE,ARIMA
NSW1,4/01/2019 11:00,9657.34,115.9,TRADE,ARIMA
NSW1,4/01/2019 11:30,9802.53,115.29,TRADE,ARIMA
NSW1,4/01/2019 12:00,9975.55,214.94,TRADE,ARIMA
NSW1,4/01/2019 12:30,10207.44,217.26,TRADE,ARIMA
NSW1,4/01/2019 13:00,10370.34,183.11,TRADE,ARIMA
NSW1,4/01/2019 13:30,10573.35,108.76,TRADE,ARIMA
NSW1,4/01/2019 14:00,10781.23,136.21,TRADE,ARIMA
NSW1,4/01/2019 14:30,11023.66,249.75,TRADE,ARIMA
NSW1,4/01/2019 15:00,11293.18,191.61,TRADE,ARIMA
NSW1,4/01/2019 15:30,11480.62,128.9,TRADE,ARIMA
NSW1,4/01/2019 16:00,11720.27,123.35,TRADE,ARIMA
NSW1,4/01/2019 16:30,11849.26,114.76,TRADE,ARIMA
NSW1,4/01/2019 17:00,11899.31,116.64,TRADE,ARIMA
NSW1,4/01/2019 17:30,11669.85,109.58,TRADE,ARIMA
NSW1,4/01/2019 18:00,11581.56,107.73,TRADE,ARIMA
NSW1,4/01/2019 18:30,11273.42,103.32,TRADE,ARIMA
NSW1,4/01/2019 19:00,10919.95,129.69,TRADE,ARIMA
NSW1,4/01/2019 19:30,10762.73,116.83,TRADE,ARIMA
NSW1,4/01/2019 20:00,10680.34,107.27,TRADE,ARIMA
NSW1,4/01/2019 20:30,10503.09,107.74,TRADE,ARIMA
NSW1,4/01/2019 21:00,10156.13,101.69,TRADE,ARIMA
NSW1,4/01/2019 21:30,9855,97.17,TRADE,ARIMA
NSW1,4/01/2019 22:00,9444.51,93.89,TRADE,ARIMA
NSW1,4/01/2019 22:30,9230.23,96.32,TRADE,ARIMA
NSW1,4/01/2019 23:00,8896.53,89.57,TRADE,ARIMA
NSW1,4/01/2019 23:30,8580.17,92.42,TRADE,ARIMA
NSW1,5/01/2019 0:00,8304.4,96.84,TRADE,ARIMA
NSW1,5/01/2019 0:30,7961.85,83.92,TRADE,ARIMA
NSW1,5/01/2019 1:00,7619.9,67.92,TRADE,ARIMA
NSW1,5/01/2019 1:30,7297.99,63.35,TRADE,ARIMA
NSW1,5/01/2019 2:00,7048.65,73.63,TRADE,ARIMA
NSW1,5/01/2019 2:30,6921.53,76.44,TRADE,ARIMA
NSW1,5/01/2019 3:00,6808.89,65.25,TRADE,ARIMA
NSW1,5/01/2019 3:30,6750.07,73.88,TRADE,ARIMA
NSW1,5/01/2019 4:00,6707.35,68.46,TRADE,ARIMA
NSW1,5/01/2019 4:30,6741.48,66.84,TRADE,ARIMA
NSW1,5/01/2019 5:00,6748.97,73.58,TRADE,ARIMA
NSW1,5/01/2019 5:30,6854.81,78,TRADE,ARIMA
NSW1,5/01/2019 6:00,6990.18,69.04,TRADE,ARIMA
NSW1,5/01/2019 6:30,7271.29,72.54,TRADE,ARIMA
NSW1,5/01/2019 7:00,7619.32,81.22,TRADE,ARIMA
NSW1,5/01/2019 7:30,7995.09,104.26,TRADE,ARIMA
NSW1,5/01/2019 8:00,8432.02,120.04,TRADE,ARIMA
NSW1,5/01/2019 8:30,8903.83,118.15,TRADE,ARIMA
NSW1,5/01/2019 9:00,9274.18,119.3,TRADE,ARIMA
NSW1,5/01/2019 9:30,9626.13,120.48,TRADE,ARIMA
NSW1,5/01/2019 10:00,9956.11,122.71,TRADE,ARIMA
NSW1,5/01/2019 10:30,10294.03,168.7,TRADE,ARIMA
NSW1,5/01/2019 11:00,10429.72,98.18,TRADE,ARIMA
NSW1,5/01/2019 11:30,10573.65,102.32,TRADE,ARIMA
NSW1,5/01/2019 12:00,10670.87,130.19,TRADE,ARIMA
NSW1,5/01/2019 12:30,10780.16,127.16,TRADE,ARIMA
NSW1,5/01/2019 13:00,10828.94,96.03,TRADE,ARIMA
NSW1,5/01/2019 13:30,10681.83,94.47,TRADE,ARIMA
NSW1,5/01/2019 14:00,10569.65,106.62,TRADE,ARIMA
NSW1,5/01/2019 14:30,10282.88,89.05,TRADE,ARIMA
NSW1,5/01/2019 15:00,10162.83,97.22,TRADE,ARIMA
NSW1,5/01/2019 15:30,10078.22,98.16,TRADE,ARIMA
NSW1,5/01/2019 16:00,9848.05,111.38,TRADE,ARIMA
NSW1,5/01/2019 16:30,9674.59,90.85,TRADE,ARIMA
NSW1,5/01/2019 17:00,9532,90.59,TRADE,ARIMA
NSW1,5/01/2019 17:30,9275.98,90.9,TRADE,ARIMA
NSW1,5/01/2019 18:00,9098.93,83.14,TRADE,ARIMA
NSW1,5/01/2019 18:30,8801.41,86.4,TRADE,ARIMA
NSW1,5/01/2019 19:00,8495.44,108.66,TRADE,ARIMA
NSW1,5/01/2019 19:30,8429.52,101.55,TRADE,ARIMA
NSW1,5/01/2019 20:00,8307.79,96.89,TRADE,ARIMA
NSW1,5/01/2019 20:30,8095,101.89,TRADE,ARIMA
NSW1,5/01/2019 21:00,7910.98,76.52,TRADE,ARIMA
NSW1,5/01/2019 21:30,7795.16,78.88,TRADE,ARIMA
NSW1,5/01/2019 22:00,7614.44,82.68,TRADE,ARIMA
NSW1,5/01/2019 22:30,7496.89,90.2,TRADE,ARIMA
NSW1,5/01/2019 23:00,7346.8,87.64,TRADE,ARIMA
NSW1,5/01/2019 23:30,7167.1,86.09,TRADE,ARIMA
NSW1,6/01/2019 0:00,7035.65,82.95,TRADE,ARIMA
NSW1,6/01/2019 0:30,6848.31,70.88,TRADE,ARIMA
NSW1,6/01/2019 1:00,6637.07,72.11,TRADE,ARIMA
NSW1,6/01/2019 1:30,6419.42,76.56,TRADE,ARIMA
NSW1,6/01/2019 2:00,6267.94,67.86,TRADE,ARIMA
NSW1,6/01/2019 2:30,6130.99,66.92,TRADE,ARIMA
NSW1,6/01/2019 3:00,6100.32,65.47,TRADE,ARIMA
NSW1,6/01/2019 3:30,6109.83,67.61,TRADE,ARIMA
NSW1,6/01/2019 4:00,6094.59,67.16,TRADE,ARIMA
NSW1,6/01/2019 4:30,6100.32,69.81,TRADE,ARIMA
NSW1,6/01/2019 5:00,6133.44,68.42,TRADE,ARIMA
NSW1,6/01/2019 5:30,6193.36,62.83,TRADE,ARIMA
NSW1,6/01/2019 6:00,6225.63,65.93,TRADE,ARIMA
NSW1,6/01/2019 6:30,6396.43,64.18,TRADE,ARIMA
NSW1,6/01/2019 7:00,6514.89,63.28,TRADE,ARIMA
NSW1,6/01/2019 7:30,6648.53,61.68,TRADE,ARIMA
NSW1,6/01/2019 8:00,6822.13,52.36,TRADE,ARIMA
NSW1,6/01/2019 8:30,6959.11,56.93,TRADE,ARIMA
NSW1,6/01/2019 9:00,7095.64,59.53,TRADE,ARIMA
NSW1,6/01/2019 9:30,7155.83,59.53,TRADE,ARIMA
NSW1,6/01/2019 10:00,7160,61.16,TRADE,ARIMA
NSW1,6/01/2019 10:30,7169.81,58.79,TRADE,ARIMA
NSW1,6/01/2019 11:00,7145.68,59.53,TRADE,ARIMA
NSW1,6/01/2019 11:30,7039.03,58.56,TRADE,ARIMA
NSW1,6/01/2019 12:00,7033.63,61.9,TRADE,ARIMA
NSW1,6/01/2019 12:30,7002.94,61.46,TRADE,ARIMA
NSW1,6/01/2019 13:00,6964.46,60.84,TRADE,ARIMA
NSW1,6/01/2019 13:30,6938.9,62.96,TRADE,ARIMA
NSW1,6/01/2019 14:00,6965.53,62.3,TRADE,ARIMA
NSW1,6/01/2019 14:30,7035.77,64.39,TRADE,ARIMA
NSW1,6/01/2019 15:00,7132.81,62.56,TRADE,ARIMA
NSW1,6/01/2019 15:30,7226.6,62.36,TRADE,ARIMA
NSW1,6/01/2019 16:00,7351.81,63.75,TRADE,ARIMA
NSW1,6/01/2019 16:30,7467.28,62.29,TRADE,ARIMA
NSW1,6/01/2019 17:00,7623.78,66.14,TRADE,ARIMA
NSW1,6/01/2019 17:30,7697.45,63.84,TRADE,ARIMA
NSW1,6/01/2019 18:00,7713.06,67.01,TRADE,ARIMA
NSW1,6/01/2019 18:30,7674.71,65.52,TRADE,ARIMA
NSW1,6/01/2019 19:00,7637.19,68.49,TRADE,ARIMA
NSW1,6/01/2019 19:30,7599.95,67.95,TRADE,ARIMA
NSW1,6/01/2019 20:00,7610.28,73.7,TRADE,ARIMA
NSW1,6/01/2019 20:30,7510.9,79.24,TRADE,ARIMA
NSW1,6/01/2019 21:00,7359.6,65.69,TRADE,ARIMA
NSW1,6/01/2019 21:30,7255.04,61.82,TRADE,ARIMA
NSW1,6/01/2019 22:00,7133.64,60.19,TRADE,ARIMA
NSW1,6/01/2019 22:30,7065.02,65.99,TRADE,ARIMA
NSW1,6/01/2019 23:00,6875.52,63.77,TRADE,ARIMA
NSW1,6/01/2019 23:30,6729.79,69.99,TRADE,ARIMA
NSW1,7/01/2019 0:00,6614.84,70.2,TRADE,ARIMA
NSW1,7/01/2019 0:30,6542.9,62.29,TRADE,ARIMA
NSW1,7/01/2019 1:00,6422.98,63.29,TRADE,ARIMA
NSW1,7/01/2019 1:30,6210.78,53.54,TRADE,ARIMA
NSW1,7/01/2019 2:00,6064.72,49.71,TRADE,ARIMA
NSW1,7/01/2019 2:30,5995.39,52.93,TRADE,ARIMA
NSW1,7/01/2019 3:00,5973.27,55.36,TRADE,ARIMA
NSW1,7/01/2019 3:30,6018.16,59.25,TRADE,ARIMA
NSW1,7/01/2019 4:00,6039.85,60.46,TRADE,ARIMA
NSW1,7/01/2019 4:30,6267.4,67.55,TRADE,ARIMA
NSW1,7/01/2019 5:00,6470.62,76.88,TRADE,ARIMA
NSW1,7/01/2019 5:30,6787.94,77.63,TRADE,ARIMA
NSW1,7/01/2019 6:00,7111.72,77.81,TRADE,ARIMA
NSW1,7/01/2019 6:30,7382.29,72.31,TRADE,ARIMA
NSW1,7/01/2019 7:00,7648.81,68.28,TRADE,ARIMA
NSW1,7/01/2019 7:30,7882.65,61.99,TRADE,ARIMA
NSW1,7/01/2019 8:00,8052.62,63.59,TRADE,ARIMA
NSW1,7/01/2019 8:30,8289.58,68.11,TRADE,ARIMA
NSW1,7/01/2019 9:00,8357.14,67.16,TRADE,ARIMA
NSW1,7/01/2019 9:30,8329.43,62.32,TRADE,ARIMA
NSW1,7/01/2019 10:00,8377.33,63.52,TRADE,ARIMA
NSW1,7/01/2019 10:30,8327.1,64.21,TRADE,ARIMA
NSW1,7/01/2019 11:00,8381.23,64.4,TRADE,ARIMA
NSW1,7/01/2019 11:30,8412.67,67.52,TRADE,ARIMA
NSW1,7/01/2019 12:00,8397.59,74.21,TRADE,ARIMA
NSW1,7/01/2019 12:30,8472.62,75.34,TRADE,ARIMA
NSW1,7/01/2019 13:00,8420.89,78.68,TRADE,ARIMA
NSW1,7/01/2019 13:30,8432.17,85.75,TRADE,ARIMA
NSW1,7/01/2019 14:00,8420.39,75.98,TRADE,ARIMA
NSW1,7/01/2019 14:30,8443.7,76.48,TRADE,ARIMA
NSW1,7/01/2019 15:00,8555.78,78.05,TRADE,ARIMA
NSW1,7/01/2019 15:30,8570.23,75.11,TRADE,ARIMA
NSW1,7/01/2019 16:00,8626.81,93.59,TRADE,ARIMA
NSW1,7/01/2019 16:30,8664.3,89.18,TRADE,ARIMA
NSW1,7/01/2019 17:00,8773.42,87.98,TRADE,ARIMA
NSW1,7/01/2019 17:30,8632.49,80.27,TRADE,ARIMA
NSW1,7/01/2019 18:00,8665.86,73.11,TRADE,ARIMA
NSW1,7/01/2019 18:30,8522.09,69,TRADE,ARIMA
NSW1,7/01/2019 19:00,8459.42,75.8,TRADE,ARIMA
NSW1,7/01/2019 19:30,8434.33,81.07,TRADE,ARIMA
NSW1,7/01/2019 20:00,8443.79,83.13,TRADE,ARIMA
NSW1,7/01/2019 20:30,8299.79,68.35,TRADE,ARIMA
NSW1,7/01/2019 21:00,8110.31,67.67,TRADE,ARIMA
NSW1,7/01/2019 21:30,8071.51,66.65,TRADE,ARIMA
NSW1,7/01/2019 22:00,7895.71,64.12,TRADE,ARIMA
NSW1,7/01/2019 22:30,7872.99,73.84,TRADE,ARIMA
NSW1,7/01/2019 23:00,7750.45,71.15,TRADE,ARIMA
NSW1,7/01/2019 23:30,7558.98,66.23,TRADE,ARIMA
NSW1,8/01/2019 0:00,7426.58,64.94,TRADE,ARIMA
NSW1,8/01/2019 0:30,7220.85,63.8,TRADE,ARIMA
NSW1,8/01/2019 1:00,6975.87,66.66,TRADE,ARIMA
NSW1,8/01/2019 1:30,6796.06,67.58,TRADE,ARIMA
NSW1,8/01/2019 2:00,6545.45,66.5,TRADE,ARIMA
NSW1,8/01/2019 2:30,6399.15,66.78,TRADE,ARIMA
NSW1,8/01/2019 3:00,6390.99,67.48,TRADE,ARIMA
NSW1,8/01/2019 3:30,6376.95,67.74,TRADE,ARIMA
NSW1,8/01/2019 4:00,6455.01,74.41,TRADE,ARIMA
NSW1,8/01/2019 4:30,6607.79,79.91,TRADE,ARIMA
NSW1,8/01/2019 5:00,6777.53,61.45,TRADE,ARIMA
NSW1,8/01/2019 5:30,7159.85,64.92,TRADE,ARIMA
NSW1,8/01/2019 6:00,7440.68,68.39,TRADE,ARIMA
NSW1,8/01/2019 6:30,7749.13,75.74,TRADE,ARIMA
NSW1,8/01/2019 7:00,8054.84,85.18,TRADE,ARIMA
NSW1,8/01/2019 7:30,8315.17,88.08,TRADE,ARIMA
NSW1,8/01/2019 8:00,8557.52,90.46,TRADE,ARIMA
NSW1,8/01/2019 8:30,8728.02,97.39,TRADE,ARIMA
NSW1,8/01/2019 9:00,8748.11,93.89,TRADE,ARIMA
NSW1,8/01/2019 9:30,8833.21,109.19,TRADE,ARIMA
NSW1,8/01/2019 10:00,8919.62,136.81,TRADE,ARIMA
NSW1,8/01/2019 10:30,8974.1,168.77,TRADE,ARIMA
NSW1,8/01/2019 11:00,9055.25,215.94,TRADE,ARIMA
NSW1,8/01/2019 11:30,9130.86,118.61,TRADE,ARIMA
NSW1,8/01/2019 12:00,9219.6,71.22,TRADE,ARIMA
NSW1,8/01/2019 12:30,9324.57,80.58,TRADE,ARIMA
NSW1,8/01/2019 13:00,9530.1,95.11,TRADE,ARIMA
NSW1,8/01/2019 13:30,9604.76,92.73,TRADE,ARIMA
NSW1,8/01/2019 14:00,9816.1,90.14,TRADE,ARIMA
NSW1,8/01/2019 14:30,9980.41,87.72,TRADE,ARIMA
NSW1,8/01/2019 15:00,10275.02,108.01,TRADE,ARIMA
NSW1,8/01/2019 15:30,10492.05,114.72,TRADE,ARIMA
NSW1,8/01/2019 16:00,10538.07,104.61,TRADE,ARIMA
NSW1,8/01/2019 16:30,10498.38,85.73,TRADE,ARIMA
NSW1,8/01/2019 17:00,10494.28,89.12,TRADE,ARIMA
NSW1,8/01/2019 17:30,10239.99,93.59,TRADE,ARIMA
NSW1,8/01/2019 18:00,10154.51,99.86,TRADE,ARIMA
NSW1,8/01/2019 18:30,9873.14,91.66,TRADE,ARIMA
NSW1,8/01/2019 19:00,9776.25,114.11,TRADE,ARIMA
NSW1,8/01/2019 19:30,9613.23,115,TRADE,ARIMA
NSW1,8/01/2019 20:00,9452.37,105.67,TRADE,ARIMA
NSW1,8/01/2019 20:30,9185.97,102.82,TRADE,ARIMA
NSW1,8/01/2019 21:00,8809.34,79.67,TRADE,ARIMA
NSW1,8/01/2019 21:30,8598.89,87.04,TRADE,ARIMA
NSW1,8/01/2019 22:00,8327.44,88.97,TRADE,ARIMA
NSW1,8/01/2019 22:30,8188.89,90.29,TRADE,ARIMA
NSW1,8/01/2019 23:00,7984.43,81.56,TRADE,ARIMA
NSW1,8/01/2019 23:30,7722.89,61.99,TRADE,ARIMA
NSW1,9/01/2019 0:00,7655.11,63.55,TRADE,ARIMA
NSW1,9/01/2019 0:30,7368.05,62.14,TRADE,ARIMA
NSW1,9/01/2019 1:00,7212.87,61.17,TRADE,ARIMA
NSW1,9/01/2019 1:30,6876.21,55.39,TRADE,ARIMA
NSW1,9/01/2019 2:00,6685.92,58.71,TRADE,ARIMA
NSW1,9/01/2019 2:30,6592.69,65.53,TRADE,ARIMA
NSW1,9/01/2019 3:00,6518.12,61.88,TRADE,ARIMA
NSW1,9/01/2019 3:30,6479.1,60.91,TRADE,ARIMA
NSW1,9/01/2019 4:00,6551.35,67.22,TRADE,ARIMA
NSW1,9/01/2019 4:30,6752.78,69.71,TRADE,ARIMA
NSW1,9/01/2019 5:00,6896.58,68.53,TRADE,ARIMA
NSW1,9/01/2019 5:30,7214.19,81.12,TRADE,ARIMA
NSW1,9/01/2019 6:00,7540.68,68.61,TRADE,ARIMA
NSW1,9/01/2019 6:30,7862.75,78.15,TRADE,ARIMA
NSW1,9/01/2019 7:00,8124.48,85.47,TRADE,ARIMA
NSW1,9/01/2019 7:30,8384.09,88.17,TRADE,ARIMA
NSW1,9/01/2019 8:00,8507.59,84.53,TRADE,ARIMA
NSW1,9/01/2019 8:30,8666.08,86.6,TRADE,ARIMA
NSW1,9/01/2019 9:00,8921.86,87.01,TRADE,ARIMA
NSW1,9/01/2019 9:30,9070.2,88.48,TRADE,ARIMA
NSW1,9/01/2019 10:00,9287.78,86.76,TRADE,ARIMA
NSW1,9/01/2019 10:30,9415.83,87.2,TRADE,ARIMA
NSW1,9/01/2019 11:00,9518.65,91.54,TRADE,ARIMA
NSW1,9/01/2019 11:30,9591.52,95.74,TRADE,ARIMA
NSW1,9/01/2019 12:00,9659.77,99.17,TRADE,ARIMA
NSW1,9/01/2019 12:30,9756.96,107.77,TRADE,ARIMA
NSW1,9/01/2019 13:00,9913.02,110.06,TRADE,ARIMA
NSW1,9/01/2019 13:30,9942.08,112.2,TRADE,ARIMA
NSW1,9/01/2019 14:00,10010.18,109.07,TRADE,ARIMA
NSW1,9/01/2019 14:30,10038.27,110.44,TRADE,ARIMA
NSW1,9/01/2019 15:00,10029.99,110.08,TRADE,ARIMA
NSW1,9/01/2019 15:30,10077.6,111.37,TRADE,ARIMA
NSW1,9/01/2019 16:00,10120.89,133.39,TRADE,ARIMA
NSW1,9/01/2019 16:30,9976.53,110.1,TRADE,ARIMA
NSW1,9/01/2019 17:00,9908.57,110.31,TRADE,ARIMA
NSW1,9/01/2019 17:30,9667.75,107.32,TRADE,ARIMA
NSW1,9/01/2019 18:00,9480.22,95.27,TRADE,ARIMA
NSW1,9/01/2019 18:30,9289.36,94.11,TRADE,ARIMA
NSW1,9/01/2019 19:00,9114.96,106.84,TRADE,ARIMA
NSW1,9/01/2019 19:30,9015.5,106.22,TRADE,ARIMA
NSW1,9/01/2019 20:00,8998.22,99.61,TRADE,ARIMA
NSW1,9/01/2019 20:30,8833.15,92.08,TRADE,ARIMA
NSW1,9/01/2019 21:00,8532.66,84.18,TRADE,ARIMA
NSW1,9/01/2019 21:30,8321.88,80.54,TRADE,ARIMA
NSW1,9/01/2019 22:00,8103.1,72.58,TRADE,ARIMA
NSW1,9/01/2019 22:30,7976.14,62.51,TRADE,ARIMA
NSW1,9/01/2019 23:00,7816.52,70.04,TRADE,ARIMA
NSW1,9/01/2019 23:30,7685.6,78.04,TRADE,ARIMA
NSW1,10/01/2019 0:00,7546.98,71.89,TRADE,ARIMA
NSW1,10/01/2019 0:30,7383.37,72.32,TRADE,ARIMA
NSW1,10/01/2019 1:00,7203,65.12,TRADE,ARIMA
NSW1,10/01/2019 1:30,6874.02,61.34,TRADE,ARIMA
NSW1,10/01/2019 2:00,6676.76,59.75,TRADE,ARIMA
NSW1,10/01/2019 2:30,6544.93,61.22,TRADE,ARIMA
NSW1,10/01/2019 3:00,6552.12,60.64,TRADE,ARIMA
NSW1,10/01/2019 3:30,6516.42,59.69,TRADE,ARIMA
NSW1,10/01/2019 4:00,6555.17,60.43,TRADE,ARIMA
NSW1,10/01/2019 4:30,6751.58,67.14,TRADE,ARIMA
NSW1,10/01/2019 5:00,6873.9,66.15,TRADE,ARIMA
NSW1,10/01/2019 5:30,7208.03,58.66,TRADE,ARIMA
NSW1,10/01/2019 6:00,7538.42,65.98,TRADE,ARIMA
NSW1,10/01/2019 6:30,7844.75,81.54,TRADE,ARIMA
NSW1,10/01/2019 7:00,8113.69,88.92,TRADE,ARIMA
NSW1,10/01/2019 7:30,8376.6,81.9,TRADE,ARIMA
NSW1,10/01/2019 8:00,8475.88,78.82,TRADE,ARIMA
NSW1,10/01/2019 8:30,8556.41,83.53,TRADE,ARIMA
NSW1,10/01/2019 9:00,8599.31,82.82,TRADE,ARIMA
NSW1,10/01/2019 9:30,8630.36,85.56,TRADE,ARIMA
NSW1,10/01/2019 10:00,8602.15,85.98,TRADE,ARIMA
NSW1,10/01/2019 10:30,8600.77,92.68,TRADE,ARIMA
NSW1,10/01/2019 11:00,8564.62,94.49,TRADE,ARIMA
NSW1,10/01/2019 11:30,8552.06,106.48,TRADE,ARIMA
NSW1,10/01/2019 12:00,8548.21,97.9,TRADE,ARIMA
NSW1,10/01/2019 12:30,8552.8,99.99,TRADE,ARIMA
NSW1,10/01/2019 13:00,8548.84,99.22,TRADE,ARIMA
NSW1,10/01/2019 13:30,8614.4,100.59,TRADE,ARIMA
NSW1,10/01/2019 14:00,8723.05,108.63,TRADE,ARIMA
NSW1,10/01/2019 14:30,8769.22,104.58,TRADE,ARIMA
NSW1,10/01/2019 15:00,8820.69,104.14,TRADE,ARIMA
NSW1,10/01/2019 15:30,8858.49,103.42,TRADE,ARIMA
NSW1,10/01/2019 16:00,8911.51,105.49,TRADE,ARIMA
NSW1,10/01/2019 16:30,8945.91,88.33,TRADE,ARIMA
NSW1,10/01/2019 17:00,8999.5,98.31,TRADE,ARIMA
NSW1,10/01/2019 17:30,8935.57,83.56,TRADE,ARIMA
NSW1,10/01/2019 18:00,8924.54,100.38,TRADE,ARIMA
NSW1,10/01/2019 18:30,8811.9,82.77,TRADE,ARIMA
NSW1,10/01/2019 19:00,8691.23,81.83,TRADE,ARIMA
NSW1,10/01/2019 19:30,8668.63,84.15,TRADE,ARIMA
NSW1,10/01/2019 20:00,8612.24,81.38,TRADE,ARIMA
NSW1,10/01/2019 20:30,8367.87,62.51,TRADE,ARIMA
NSW1,10/01/2019 21:00,8146.66,70.35,TRADE,ARIMA
NSW1,10/01/2019 21:30,8128.4,73.01,TRADE,ARIMA
NSW1,10/01/2019 22:00,7919.44,63.87,TRADE,ARIMA
NSW1,10/01/2019 22:30,7863.82,62.34,TRADE,ARIMA
NSW1,10/01/2019 23:00,7630.5,58.76,TRADE,ARIMA
NSW1,10/01/2019 23:30,7537.91,59.34,TRADE,ARIMA
NSW1,11/01/2019 0:00,7339.59,55.82,TRADE,ARIMA
NSW1,11/01/2019 0:30,7203.65,53.78,TRADE,ARIMA
NSW1,11/01/2019 1:00,7007.13,57.14,TRADE,ARIMA
NSW1,11/01/2019 1:30,6745.05,54.72,TRADE,ARIMA
NSW1,11/01/2019 2:00,6523.52,49.71,TRADE,ARIMA
NSW1,11/01/2019 2:30,6419.09,51.23,TRADE,ARIMA
NSW1,11/01/2019 3:00,6386.28,51.18,TRADE,ARIMA
NSW1,11/01/2019 3:30,6386.09,51.14,TRADE,ARIMA
NSW1,11/01/2019 4:00,6436.2,52.73,TRADE,ARIMA
NSW1,11/01/2019 4:30,6643.26,57.51,TRADE,ARIMA
NSW1,11/01/2019 5:00,6781.96,51.42,TRADE,ARIMA
NSW1,11/01/2019 5:30,7160.76,55.81,TRADE,ARIMA
NSW1,11/01/2019 6:00,7496.61,59.04,TRADE,ARIMA
NSW1,11/01/2019 6:30,7824.01,63.78,TRADE,ARIMA
NSW1,11/01/2019 7:00,8142.84,75.03,TRADE,ARIMA
NSW1,11/01/2019 7:30,8327.71,76.17,TRADE,ARIMA
NSW1,11/01/2019 8:00,8417.68,83.5,TRADE,ARIMA
NSW1,11/01/2019 8:30,8544,86.3,TRADE,ARIMA
NSW1,11/01/2019 9:00,8632.2,87.08,TRADE,ARIMA
NSW1,11/01/2019 9:30,8690.07,92.21,TRADE,ARIMA
NSW1,11/01/2019 10:00,8839.56,95.74,TRADE,ARIMA
NSW1,11/01/2019 10:30,8830.01,90.08,TRADE,ARIMA
NSW1,11/01/2019 11:00,8912.45,92.16,TRADE,ARIMA
NSW1,11/01/2019 11:30,8983.68,94.33,TRADE,ARIMA
NSW1,11/01/2019 12:00,9165.72,102.61,TRADE,ARIMA
NSW1,11/01/2019 12:30,9301.01,108.01,TRADE,ARIMA
NSW1,11/01/2019 13:00,9529.65,138.32,TRADE,ARIMA
NSW1,11/01/2019 13:30,9768.06,142.01,TRADE,ARIMA
NSW1,11/01/2019 14:00,9791.54,124.97,TRADE,ARIMA
NSW1,11/01/2019 14:30,9634.56,109.32,TRADE,ARIMA
NSW1,11/01/2019 15:00,9606.14,126.14,TRADE,ARIMA
NSW1,11/01/2019 15:30,9554.55,113.96,TRADE,ARIMA
NSW1,11/01/2019 16:00,9487.59,85.18,TRADE,ARIMA
NSW1,11/01/2019 16:30,9496.5,85.17,TRADE,ARIMA
NSW1,11/01/2019 17:00,9392.06,83.53,TRADE,ARIMA
NSW1,11/01/2019 17:30,9319.83,90.65,TRADE,ARIMA
NSW1,11/01/2019 18:00,9262.88,85.96,TRADE,ARIMA
NSW1,11/01/2019 18:30,9074.7,80.99,TRADE,ARIMA
NSW1,11/01/2019 19:00,8963.73,81.89,TRADE,ARIMA
NSW1,11/01/2019 19:30,8897.77,87.16,TRADE,ARIMA
NSW1,11/01/2019 20:00,8697.26,81.64,TRADE,ARIMA
NSW1,11/01/2019 20:30,8562.02,76.28,TRADE,ARIMA
NSW1,11/01/2019 21:00,8367.08,78.75,TRADE,ARIMA
NSW1,11/01/2019 21:30,8277.12,82.26,TRADE,ARIMA
NSW1,11/01/2019 22:00,8088.2,73.17,TRADE,ARIMA
NSW1,11/01/2019 22:30,8043,80.24,TRADE,ARIMA
NSW1,11/01/2019 23:00,7893.91,71.13,TRADE,ARIMA
NSW1,11/01/2019 23:30,7694.37,63.09,TRADE,ARIMA
NSW1,12/01/2019 0:00,7556.28,59.27,TRADE,ARIMA
NSW1,12/01/2019 0:30,7339.67,56.9,TRADE,ARIMA
NSW1,12/01/2019 1:00,7112.97,41.65,TRADE,ARIMA
NSW1,12/01/2019 1:30,6748.91,36.75,TRADE,ARIMA
NSW1,12/01/2019 2:00,6592.97,54.31,TRADE,ARIMA
NSW1,12/01/2019 2:30,6367.38,58.82,TRADE,ARIMA
NSW1,12/01/2019 3:00,6341.58,63.64,TRADE,ARIMA
NSW1,12/01/2019 3:30,6372.09,61.47,TRADE,ARIMA
NSW1,12/01/2019 4:00,6368.97,54.39,TRADE,ARIMA
NSW1,12/01/2019 4:30,6373.4,59.47,TRADE,ARIMA
NSW1,12/01/2019 5:00,6471.64,60.16,TRADE,ARIMA
NSW1,12/01/2019 5:30,6545.5,61.59,TRADE,ARIMA
NSW1,12/01/2019 6:00,6699.27,60.22,TRADE,ARIMA
NSW1,12/01/2019 6:30,6944.27,61.29,TRADE,ARIMA
NSW1,12/01/2019 7:00,7192.76,77.58,TRADE,ARIMA
NSW1,12/01/2019 7:30,7397.2,74.5,TRADE,ARIMA
NSW1,12/01/2019 8:00,7645.06,89.11,TRADE,ARIMA
NSW1,12/01/2019 8:30,7885.06,85.53,TRADE,ARIMA
NSW1,12/01/2019 9:00,7924.19,71.9,TRADE,ARIMA
NSW1,12/01/2019 9:30,8031.76,76.44,TRADE,ARIMA
NSW1,12/01/2019 10:00,8066.5,77.78,TRADE,ARIMA
NSW1,12/01/2019 10:30,8288.87,82.53,TRADE,ARIMA
NSW1,12/01/2019 11:00,8390.1,81.69,TRADE,ARIMA
NSW1,12/01/2019 11:30,8570.6,78.8,TRADE,ARIMA
NSW1,12/01/2019 12:00,8815.62,82.8,TRADE,ARIMA
NSW1,12/01/2019 12:30,8989.71,93.98,TRADE,ARIMA
NSW1,12/01/2019 13:00,9241.23,110.3,TRADE,ARIMA
NSW1,12/01/2019 13:30,9451.14,120.47,TRADE,ARIMA
NSW1,12/01/2019 14:00,9659.54,98.15,TRADE,ARIMA
NSW1,12/01/2019 14:30,9865.42,124.31,TRADE,ARIMA
NSW1,12/01/2019 15:00,10045.57,113.84,TRADE,ARIMA
NSW1,12/01/2019 15:30,10264.55,107.52,TRADE,ARIMA
NSW1,12/01/2019 16:00,10471.58,144.83,TRADE,ARIMA
NSW1,12/01/2019 16:30,10584.4,133.34,TRADE,ARIMA
NSW1,12/01/2019 17:00,10751.63,143.4,TRADE,ARIMA
NSW1,12/01/2019 17:30,10682.57,118.98,TRADE,ARIMA
NSW1,12/01/2019 18:00,10643.41,115.01,TRADE,ARIMA
NSW1,12/01/2019 18:30,10503.48,115.45,TRADE,ARIMA
NSW1,12/01/2019 19:00,10298.99,181.83,TRADE,ARIMA
NSW1,12/01/2019 19:30,10072.1,126.55,TRADE,ARIMA
NSW1,12/01/2019 20:00,9979.48,113.9,TRADE,ARIMA
NSW1,12/01/2019 20:30,9729.87,108.21,TRADE,ARIMA
NSW1,12/01/2019 21:00,9412.19,108.88,TRADE,ARIMA
NSW1,12/01/2019 21:30,9097.47,87.31,TRADE,ARIMA
NSW1,12/01/2019 22:00,8811.68,70.83,TRADE,ARIMA
NSW1,12/01/2019 22:30,8545.45,63.26,TRADE,ARIMA
NSW1,12/01/2019 23:00,8176.74,65.74,TRADE,ARIMA
NSW1,12/01/2019 23:30,7838.54,65.41,TRADE,ARIMA
NSW1,13/01/2019 0:00,7617.34,60.61,TRADE,ARIMA
NSW1,13/01/2019 0:30,7315.74,57.61,TRADE,ARIMA
NSW1,13/01/2019 1:00,7111.84,58.63,TRADE,ARIMA
NSW1,13/01/2019 1:30,6876.22,61.24,TRADE,ARIMA
NSW1,13/01/2019 2:00,6706.41,57.7,TRADE,ARIMA
NSW1,13/01/2019 2:30,6535.3,53.93,TRADE,ARIMA
NSW1,13/01/2019 3:00,6428.54,55.27,TRADE,ARIMA
NSW1,13/01/2019 3:30,6398.75,66.12,TRADE,ARIMA
NSW1,13/01/2019 4:00,6381,57.6,TRADE,ARIMA
NSW1,13/01/2019 4:30,6384.96,61.31,TRADE,ARIMA
NSW1,13/01/2019 5:00,6438.31,56.01,TRADE,ARIMA
NSW1,13/01/2019 5:30,6433.52,52.81,TRADE,ARIMA
NSW1,13/01/2019 6:00,6523.82,53.57,TRADE,ARIMA
NSW1,13/01/2019 6:30,6657.92,60.22,TRADE,ARIMA
NSW1,13/01/2019 7:00,6859.55,59.52,TRADE,ARIMA
NSW1,13/01/2019 7:30,7033.65,56.18,TRADE,ARIMA
NSW1,13/01/2019 8:00,7125.57,48.74,TRADE,ARIMA
NSW1,13/01/2019 8:30,7310.49,51.18,TRADE,ARIMA
NSW1,13/01/2019 9:00,7456.25,49.25,TRADE,ARIMA
NSW1,13/01/2019 9:30,7573.61,50,TRADE,ARIMA
NSW1,13/01/2019 10:00,7603.4,49.58,TRADE,ARIMA
NSW1,13/01/2019 10:30,7669.6,46.32,TRADE,ARIMA
NSW1,13/01/2019 11:00,7695.86,48.82,TRADE,ARIMA
NSW1,13/01/2019 11:30,7763.71,43.4,TRADE,ARIMA
NSW1,13/01/2019 12:00,7898.09,63.73,TRADE,ARIMA
NSW1,13/01/2019 12:30,7925.9,62.42,TRADE,ARIMA
NSW1,13/01/2019 13:00,8013.52,55.71,TRADE,ARIMA
NSW1,13/01/2019 13:30,8095.45,59.36,TRADE,ARIMA
NSW1,13/01/2019 14:00,8197.51,65.33,TRADE,ARIMA
NSW1,13/01/2019 14:30,8386.5,52.71,TRADE,ARIMA
NSW1,13/01/2019 15:00,8501.42,63.75,TRADE,ARIMA
NSW1,13/01/2019 15:30,8665.46,88.16,TRADE,ARIMA
NSW1,13/01/2019 16:00,8754.99,100.64,TRADE,ARIMA
NSW1,13/01/2019 16:30,8826.32,95.17,TRADE,ARIMA
NSW1,13/01/2019 17:00,8932.79,101.47,TRADE,ARIMA
NSW1,13/01/2019 17:30,8913.8,102.93,TRADE,ARIMA
NSW1,13/01/2019 18:00,8937.67,102.92,TRADE,ARIMA
NSW1,13/01/2019 18:30,8845.79,104.11,TRADE,ARIMA
NSW1,13/01/2019 19:00,8719.72,101.42,TRADE,ARIMA
NSW1,13/01/2019 19:30,8650.99,107.76,TRADE,ARIMA
NSW1,13/01/2019 20:00,8733.56,109.24,TRADE,ARIMA
NSW1,13/01/2019 20:30,8647.17,98.66,TRADE,ARIMA
NSW1,13/01/2019 21:00,8399.07,77.98,TRADE,ARIMA
NSW1,13/01/2019 21:30,8176.33,62.5,TRADE,ARIMA
NSW1,13/01/2019 22:00,8001.24,62.06,TRADE,ARIMA
NSW1,13/01/2019 22:30,7841.91,70.76,TRADE,ARIMA
NSW1,13/01/2019 23:00,7555.85,61.02,TRADE,ARIMA
NSW1,13/01/2019 23:30,7318.04,59.53,TRADE,ARIMA
NSW1,14/01/2019 0:00,7164.41,59.52,TRADE,ARIMA
NSW1,14/01/2019 0:30,6998.15,59.53,TRADE,ARIMA
NSW1,14/01/2019 1:00,6893.76,68.48,TRADE,ARIMA
NSW1,14/01/2019 1:30,6704.08,69.28,TRADE,ARIMA
NSW1,14/01/2019 2:00,6543.31,65.27,TRADE,ARIMA
NSW1,14/01/2019 2:30,6515.44,62.1,TRADE,ARIMA
NSW1,14/01/2019 3:00,6462.92,66.57,TRADE,ARIMA
NSW1,14/01/2019 3:30,6505.48,72.54,TRADE,ARIMA
NSW1,14/01/2019 4:00,6577.27,83.18,TRADE,ARIMA
NSW1,14/01/2019 4:30,6827.37,71.91,TRADE,ARIMA
NSW1,14/01/2019 5:00,7043.01,71.33,TRADE,ARIMA
NSW1,14/01/2019 5:30,7427.67,63.82,TRADE,ARIMA
NSW1,14/01/2019 6:00,7766.2,63.69,TRADE,ARIMA
NSW1,14/01/2019 6:30,8187.22,88.63,TRADE,ARIMA
NSW1,14/01/2019 7:00,8520.71,105.18,TRADE,ARIMA
NSW1,14/01/2019 7:30,8817.36,78.03,TRADE,ARIMA
NSW1,14/01/2019 8:00,8996.27,94.44,TRADE,ARIMA
NSW1,14/01/2019 8:30,9141.49,98.57,TRADE,ARIMA
NSW1,14/01/2019 9:00,9193.06,97.05,TRADE,ARIMA
NSW1,14/01/2019 9:30,9319.58,110.29,TRADE,ARIMA
NSW1,14/01/2019 10:00,9408.26,135.85,TRADE,ARIMA
NSW1,14/01/2019 10:30,9497.24,249.6,TRADE,ARIMA
NSW1,14/01/2019 11:00,9609.61,133.53,TRADE,ARIMA
NSW1,14/01/2019 11:30,9662.21,131.04,TRADE,ARIMA
NSW1,14/01/2019 12:00,9802.29,182.13,TRADE,ARIMA
NSW1,14/01/2019 12:30,9961.73,259.95,TRADE,ARIMA
NSW1,14/01/2019 13:00,10176.29,267.53,TRADE,ARIMA
NSW1,14/01/2019 13:30,10387.03,268.53,TRADE,ARIMA
NSW1,14/01/2019 14:00,10556.88,259.21,TRADE,ARIMA
NSW1,14/01/2019 14:30,10763.37,248.04,TRADE,ARIMA
NSW1,14/01/2019 15:00,10955.27,202.29,TRADE,ARIMA
NSW1,14/01/2019 15:30,11161.79,263.23,TRADE,ARIMA
NSW1,14/01/2019 16:00,11374.44,297.8,TRADE,ARIMA
NSW1,14/01/2019 16:30,11496.8,297.67,TRADE,ARIMA
NSW1,14/01/2019 17:00,11551.01,258.68,TRADE,ARIMA
NSW1,14/01/2019 17:30,11438.71,136.28,TRADE,ARIMA
NSW1,14/01/2019 18:00,11387.92,134.82,TRADE,ARIMA
NSW1,14/01/2019 18:30,11157.79,135.98,TRADE,ARIMA
NSW1,14/01/2019 19:00,10811.73,208.86,TRADE,ARIMA
NSW1,14/01/2019 19:30,10623.55,265.17,TRADE,ARIMA
NSW1,14/01/2019 20:00,10521.14,257.58,TRADE,ARIMA
NSW1,14/01/2019 20:30,10197.29,157.95,TRADE,ARIMA
NSW1,14/01/2019 21:00,9824.14,114.92,TRADE,ARIMA
NSW1,14/01/2019 21:30,9529.35,115.44,TRADE,ARIMA
NSW1,14/01/2019 22:00,9167.37,88.29,TRADE,ARIMA
NSW1,14/01/2019 22:30,8957.93,116.16,TRADE,ARIMA
NSW1,14/01/2019 23:00,8626.72,99.51,TRADE,ARIMA
NSW1,14/01/2019 23:30,8304.44,93.14,TRADE,ARIMA
NSW1,15/01/2019 0:00,8103.52,100.91,TRADE,ARIMA
NSW1,15/01/2019 0:30,7862.78,96.65,TRADE,ARIMA
NSW1,15/01/2019 1:00,7716,94.47,TRADE,ARIMA
NSW1,15/01/2019 1:30,7383.57,90.5,TRADE,ARIMA
NSW1,15/01/2019 2:00,7206.47,81.52,TRADE,ARIMA
NSW1,15/01/2019 2:30,7093.77,85.77,TRADE,ARIMA
NSW1,15/01/2019 3:00,7014.27,67.84,TRADE,ARIMA
NSW1,15/01/2019 3:30,6995.05,80.65,TRADE,ARIMA
NSW1,15/01/2019 4:00,6970.36,66.36,TRADE,ARIMA
NSW1,15/01/2019 4:30,7197.65,75.91,TRADE,ARIMA
NSW1,15/01/2019 5:00,7313.93,73.26,TRADE,ARIMA
NSW1,15/01/2019 5:30,7750.16,98.57,TRADE,ARIMA
NSW1,15/01/2019 6:00,8026.22,101.46,TRADE,ARIMA
NSW1,15/01/2019 6:30,8446.76,113.74,TRADE,ARIMA
NSW1,15/01/2019 7:00,8774.91,132.31,TRADE,ARIMA
NSW1,15/01/2019 7:30,9107.07,95.44,TRADE,ARIMA
NSW1,15/01/2019 8:00,9376.21,116.87,TRADE,ARIMA
NSW1,15/01/2019 8:30,9672.28,154.4,TRADE,ARIMA
NSW1,15/01/2019 9:00,9802.17,112.39,TRADE,ARIMA
NSW1,15/01/2019 9:30,9978.32,177.11,TRADE,ARIMA
NSW1,15/01/2019 10:00,10128.7,234.2,TRADE,ARIMA
NSW1,15/01/2019 10:30,10405.84,256.91,TRADE,ARIMA
NSW1,15/01/2019 11:00,10597.22,254.63,TRADE,ARIMA
NSW1,15/01/2019 11:30,10795.83,265.17,TRADE,ARIMA
NSW1,15/01/2019 12:00,11068.18,284.16,TRADE,ARIMA
NSW1,15/01/2019 12:30,11295.17,299.6,TRADE,ARIMA
NSW1,15/01/2019 13:00,11561.25,299.6,TRADE,ARIMA
NSW1,15/01/2019 13:30,11745.14,299.6,TRADE,ARIMA
NSW1,15/01/2019 14:00,11960.55,299.58,TRADE,ARIMA
NSW1,15/01/2019 14:30,12142.36,297.94,TRADE,ARIMA
NSW1,15/01/2019 15:00,12447.64,275.25,TRADE,ARIMA
NSW1,15/01/2019 15:30,12626.24,295.29,TRADE,ARIMA
NSW1,15/01/2019 16:00,12791.01,313.9,TRADE,ARIMA
NSW1,15/01/2019 16:30,12903.25,263.6,TRADE,ARIMA
NSW1,15/01/2019 17:00,12972.76,297.07,TRADE,ARIMA
NSW1,15/01/2019 17:30,12754.12,299.6,TRADE,ARIMA
NSW1,15/01/2019 18:00,12657.86,299.6,TRADE,ARIMA
NSW1,15/01/2019 18:30,12325.41,299.6,TRADE,ARIMA
NSW1,15/01/2019 19:00,12053.92,284.91,TRADE,ARIMA
NSW1,15/01/2019 19:30,11737.05,236.89,TRADE,ARIMA
NSW1,15/01/2019 20:00,11530.38,215.79,TRADE,ARIMA
NSW1,15/01/2019 20:30,11202.7,199.51,TRADE,ARIMA
NSW1,15/01/2019 21:00,10716.79,127.46,TRADE,ARIMA
NSW1,15/01/2019 21:30,10331.2,125.98,TRADE,ARIMA
NSW1,15/01/2019 22:00,9818.19,112.74,TRADE,ARIMA
NSW1,15/01/2019 22:30,9529.16,175.67,TRADE,ARIMA
NSW1,15/01/2019 23:00,9108.81,111.35,TRADE,ARIMA
NSW1,15/01/2019 23:30,8786.21,103.09,TRADE,ARIMA
NSW1,16/01/2019 0:00,8501.58,106.23,TRADE,ARIMA
NSW1,16/01/2019 0:30,8283.95,102.07,TRADE,ARIMA
NSW1,16/01/2019 1:00,8004.58,103.39,TRADE,ARIMA
NSW1,16/01/2019 1:30,7681.96,117.33,TRADE,ARIMA
NSW1,16/01/2019 2:00,7469.48,118.66,TRADE,ARIMA
NSW1,16/01/2019 2:30,7324.51,110.39,TRADE,ARIMA
NSW1,16/01/2019 3:00,7220.8,94.76,TRADE,ARIMA
NSW1,16/01/2019 3:30,7211.82,118.32,TRADE,ARIMA
NSW1,16/01/2019 4:00,7252,120.51,TRADE,ARIMA
NSW1,16/01/2019 4:30,7394.62,126.48,TRADE,ARIMA
NSW1,16/01/2019 5:00,7535.36,122.86,TRADE,ARIMA
NSW1,16/01/2019 5:30,7881.41,128.1,TRADE,ARIMA
NSW1,16/01/2019 6:00,8255.06,110.47,TRADE,ARIMA
NSW1,16/01/2019 6:30,8685.53,164.59,TRADE,ARIMA
NSW1,16/01/2019 7:00,9060.48,176.73,TRADE,ARIMA
NSW1,16/01/2019 7:30,9462.87,126.5,TRADE,ARIMA
NSW1,16/01/2019 8:00,9730.94,112.52,TRADE,ARIMA
NSW1,16/01/2019 8:30,10096.36,169.1,TRADE,ARIMA
NSW1,16/01/2019 9:00,10343.51,235.19,TRADE,ARIMA
NSW1,16/01/2019 9:30,10599.61,192.54,TRADE,ARIMA
NSW1,16/01/2019 10:00,10831.28,141.6,TRADE,ARIMA
NSW1,16/01/2019 10:30,11130.83,265.85,TRADE,ARIMA
NSW1,16/01/2019 11:00,11369.6,288.82,TRADE,ARIMA
NSW1,16/01/2019 11:30,11518.35,125.8,TRADE,ARIMA
NSW1,16/01/2019 12:00,11779.73,168.13,TRADE,ARIMA
NSW1,16/01/2019 12:30,12011.37,258.64,TRADE,ARIMA
NSW1,16/01/2019 13:00,12200.25,289.71,TRADE,ARIMA
NSW1,16/01/2019 13:30,12353.48,292.37,TRADE,ARIMA
NSW1,16/01/2019 14:00,12557.64,278.72,TRADE,ARIMA
NSW1,16/01/2019 14:30,12667.15,212.65,TRADE,ARIMA
NSW1,16/01/2019 15:00,12875.99,302.54,TRADE,ARIMA
NSW1,16/01/2019 15:30,13034.62,295.92,TRADE,ARIMA
NSW1,16/01/2019 16:00,13126.55,289.54,TRADE,ARIMA
NSW1,16/01/2019 16:30,13270.16,322.03,TRADE,ARIMA
NSW1,16/01/2019 17:00,13227.27,337.72,TRADE,ARIMA
NSW1,16/01/2019 17:30,12890.62,180.31,TRADE,ARIMA
NSW1,16/01/2019 18:00,12836.32,168.23,TRADE,ARIMA
NSW1,16/01/2019 18:30,12545.34,182.01,TRADE,ARIMA
NSW1,16/01/2019 19:00,12201.35,161.06,TRADE,ARIMA
NSW1,16/01/2019 19:30,11836.58,133.79,TRADE,ARIMA
NSW1,16/01/2019 20:00,11618.03,164.36,TRADE,ARIMA
NSW1,16/01/2019 20:30,11223.38,214.89,TRADE,ARIMA
NSW1,16/01/2019 21:00,10718.46,140.76,TRADE,ARIMA
NSW1,16/01/2019 21:30,10302.4,108.18,TRADE,ARIMA
NSW1,16/01/2019 22:00,9758.02,83.11,TRADE,ARIMA
NSW1,16/01/2019 22:30,9408.67,96.33,TRADE,ARIMA
NSW1,16/01/2019 23:00,9063.15,104.35,TRADE,ARIMA
NSW1,16/01/2019 23:30,8703.93,104.09,TRADE,ARIMA
NSW1,17/01/2019 0:00,8438.42,108.08,TRADE,ARIMA
NSW1,17/01/2019 0:30,8172.21,109.71,TRADE,ARIMA
NSW1,17/01/2019 1:00,7925.98,111.32,TRADE,ARIMA
NSW1,17/01/2019 1:30,7636.51,90.28,TRADE,ARIMA
NSW1,17/01/2019 2:00,7500.15,116.02,TRADE,ARIMA
NSW1,17/01/2019 2:30,7392.84,95.03,TRADE,ARIMA
NSW1,17/01/2019 3:00,7308.73,87.35,TRADE,ARIMA
NSW1,17/01/2019 3:30,7302.44,114.94,TRADE,ARIMA
NSW1,17/01/2019 4:00,7384.57,106.14,TRADE,ARIMA
NSW1,17/01/2019 4:30,7570.83,112.99,TRADE,ARIMA
NSW1,17/01/2019 5:00,7815.33,118.9,TRADE,ARIMA
NSW1,17/01/2019 5:30,8128.45,143.09,TRADE,ARIMA
NSW1,17/01/2019 6:00,8504.42,118.71,TRADE,ARIMA
NSW1,17/01/2019 6:30,8613.22,146.13,TRADE,ARIMA
NSW1,17/01/2019 7:00,9237.21,172.03,TRADE,ARIMA
NSW1,17/01/2019 7:30,9610.77,107.02,TRADE,ARIMA
NSW1,17/01/2019 8:00,9784.47,109.74,TRADE,ARIMA
NSW1,17/01/2019 8:30,10072.48,120.61,TRADE,ARIMA
NSW1,17/01/2019 9:00,10287.24,137.55,TRADE,ARIMA
NSW1,17/01/2019 9:30,10536.62,120.38,TRADE,ARIMA
NSW1,17/01/2019 10:00,10790.99,121.02,TRADE,ARIMA
NSW1,17/01/2019 10:30,11031.68,125.17,TRADE,ARIMA
NSW1,17/01/2019 11:00,11289.78,129.49,TRADE,ARIMA
NSW1,17/01/2019 11:30,11424.6,123.78,TRADE,ARIMA
NSW1,17/01/2019 12:00,11680.11,120.04,TRADE,ARIMA
NSW1,17/01/2019 12:30,11912.16,260.77,TRADE,ARIMA
NSW1,17/01/2019 13:00,12130.35,134.86,TRADE,ARIMA
NSW1,17/01/2019 13:30,12340.81,253.26,TRADE,ARIMA
NSW1,17/01/2019 14:00,12581.62,282,TRADE,ARIMA
NSW1,17/01/2019 14:30,12668.56,221.78,TRADE,ARIMA
NSW1,17/01/2019 15:00,12870.55,280.2,TRADE,ARIMA
NSW1,17/01/2019 15:30,13093.84,223.15,TRADE,ARIMA
NSW1,17/01/2019 16:00,13377.47,296.85,TRADE,ARIMA
NSW1,17/01/2019 16:30,13475.75,297.65,TRADE,ARIMA
NSW1,17/01/2019 17:00,13545.39,302.6,TRADE,ARIMA
NSW1,17/01/2019 17:30,13364.15,299.6,TRADE,ARIMA
NSW1,17/01/2019 18:00,13208.83,299.6,TRADE,ARIMA
NSW1,17/01/2019 18:30,12779.16,244.56,TRADE,ARIMA
NSW1,17/01/2019 19:00,12289.81,137.42,TRADE,ARIMA
NSW1,17/01/2019 19:30,12095.24,219.99,TRADE,ARIMA
NSW1,17/01/2019 20:00,11809.57,214.64,TRADE,ARIMA
NSW1,17/01/2019 20:30,11383.02,130.93,TRADE,ARIMA
NSW1,17/01/2019 21:00,10809.48,119.96,TRADE,ARIMA
NSW1,17/01/2019 21:30,10454.1,117.55,TRADE,ARIMA
NSW1,17/01/2019 22:00,9956.41,105.98,TRADE,ARIMA
NSW1,17/01/2019 22:30,9573.57,124.15,TRADE,ARIMA
NSW1,17/01/2019 23:00,9247.37,135.6,TRADE,ARIMA
NSW1,17/01/2019 23:30,8935.03,124.23,TRADE,ARIMA
NSW1,18/01/2019 0:00,8660.91,125.04,TRADE,ARIMA
NSW1,18/01/2019 0:30,8362.13,104.14,TRADE,ARIMA
NSW1,18/01/2019 1:00,8110.52,113.45,TRADE,ARIMA
NSW1,18/01/2019 1:30,7804.5,109.54,TRADE,ARIMA
NSW1,18/01/2019 2:00,7620.26,118.3,TRADE,ARIMA
NSW1,18/01/2019 2:30,7448.81,113.39,TRADE,ARIMA
NSW1,18/01/2019 3:00,7417.7,119.74,TRADE,ARIMA
NSW1,18/01/2019 3:30,7405.34,123.82,TRADE,ARIMA
NSW1,18/01/2019 4:00,7421.37,123.94,TRADE,ARIMA
NSW1,18/01/2019 4:30,7580.49,115.99,TRADE,ARIMA
NSW1,18/01/2019 5:00,7782,117.13,TRADE,ARIMA
NSW1,18/01/2019 5:30,8191.16,137.52,TRADE,ARIMA
NSW1,18/01/2019 6:00,8487.89,143.73,TRADE,ARIMA
NSW1,18/01/2019 6:30,8896.26,114.3,TRADE,ARIMA
NSW1,18/01/2019 7:00,9313.4,115.84,TRADE,ARIMA
NSW1,18/01/2019 7:30,9612.51,94.2,TRADE,ARIMA
NSW1,18/01/2019 8:00,9875.22,94.66,TRADE,ARIMA
NSW1,18/01/2019 8:30,10072.53,118.89,TRADE,ARIMA
NSW1,18/01/2019 9:00,10235.78,113.82,TRADE,ARIMA
NSW1,18/01/2019 9:30,10473.67,120.03,TRADE,ARIMA
NSW1,18/01/2019 10:00,10708.02,224.5,TRADE,ARIMA
NSW1,18/01/2019 10:30,10890.66,124.61,TRADE,ARIMA
NSW1,18/01/2019 11:00,11084.5,111.63,TRADE,ARIMA
NSW1,18/01/2019 11:30,11377.05,140.51,TRADE,ARIMA
NSW1,18/01/2019 12:00,11596.91,150.29,TRADE,ARIMA
NSW1,18/01/2019 12:30,11881.87,184.98,TRADE,ARIMA
NSW1,18/01/2019 13:00,12098.17,202.08,TRADE,ARIMA
NSW1,18/01/2019 13:30,12275.58,171.24,TRADE,ARIMA
NSW1,18/01/2019 14:00,12515.35,277.26,TRADE,ARIMA
NSW1,18/01/2019 14:30,12780.55,118.93,TRADE,ARIMA
NSW1,18/01/2019 15:00,12976.16,221.73,TRADE,ARIMA
NSW1,18/01/2019 15:30,13096.69,156.53,TRADE,ARIMA
NSW1,18/01/2019 16:00,13249.45,331.58,TRADE,ARIMA
NSW1,18/01/2019 16:30,13267.43,101.51,TRADE,ARIMA
NSW1,18/01/2019 17:00,13301.42,179.05,TRADE,ARIMA
NSW1,18/01/2019 17:30,13120.67,123.45,TRADE,ARIMA
NSW1,18/01/2019 18:00,12984.96,111.27,TRADE,ARIMA
NSW1,18/01/2019 18:30,12680.21,104.86,TRADE,ARIMA
NSW1,18/01/2019 19:00,12380.26,114.85,TRADE,ARIMA
NSW1,18/01/2019 19:30,12190.71,134.52,TRADE,ARIMA
NSW1,18/01/2019 20:00,12022.12,128.68,TRADE,ARIMA
NSW1,18/01/2019 20:30,11736.28,120.29,TRADE,ARIMA
NSW1,18/01/2019 21:00,11343.09,150.92,TRADE,ARIMA
NSW1,18/01/2019 21:30,11068.88,130.37,TRADE,ARIMA
NSW1,18/01/2019 22:00,10781.16,117.18,TRADE,ARIMA
NSW1,18/01/2019 22:30,10412.6,107.01,TRADE,ARIMA
NSW1,18/01/2019 23:00,9859.5,110.41,TRADE,ARIMA
NSW1,18/01/2019 23:30,9433.01,118.09,TRADE,ARIMA
NSW1,19/01/2019 0:00,9034.41,114.32,TRADE,ARIMA
NSW1,19/01/2019 0:30,8644.4,102.31,TRADE,ARIMA
NSW1,19/01/2019 1:00,8342.84,82.62,TRADE,ARIMA
NSW1,19/01/2019 1:30,7940.15,75.85,TRADE,ARIMA
NSW1,19/01/2019 2:00,7732.31,72.91,TRADE,ARIMA
NSW1,19/01/2019 2:30,7490.97,80.62,TRADE,ARIMA
NSW1,19/01/2019 3:00,7449.54,76.24,TRADE,ARIMA
NSW1,19/01/2019 3:30,7402.12,66.16,TRADE,ARIMA
NSW1,19/01/2019 4:00,7359.82,76.13,TRADE,ARIMA
NSW1,19/01/2019 4:30,7360.04,66.87,TRADE,ARIMA
NSW1,19/01/2019 5:00,7465.19,65.45,TRADE,ARIMA
NSW1,19/01/2019 5:30,7538.55,78.82,TRADE,ARIMA
NSW1,19/01/2019 6:00,7644.83,83.19,TRADE,ARIMA
NSW1,19/01/2019 6:30,7902.59,87.61,TRADE,ARIMA
NSW1,19/01/2019 7:00,8179.55,83.44,TRADE,ARIMA
NSW1,19/01/2019 7:30,8498.06,67.88,TRADE,ARIMA
NSW1,19/01/2019 8:00,8715.16,75.51,TRADE,ARIMA
NSW1,19/01/2019 8:30,8923.99,72.86,TRADE,ARIMA
NSW1,19/01/2019 9:00,8987.32,93.11,TRADE,ARIMA
NSW1,19/01/2019 9:30,9163.3,114.76,TRADE,ARIMA
NSW1,19/01/2019 10:00,9352.66,91.09,TRADE,ARIMA
NSW1,19/01/2019 10:30,9452.89,104.36,TRADE,ARIMA
NSW1,19/01/2019 11:00,9398.61,93.21,TRADE,ARIMA
NSW1,19/01/2019 11:30,9262.09,87.96,TRADE,ARIMA
NSW1,19/01/2019 12:00,9171.67,85.03,TRADE,ARIMA
NSW1,19/01/2019 12:30,9238.08,88.75,TRADE,ARIMA
NSW1,19/01/2019 13:00,9157.38,85.21,TRADE,ARIMA
NSW1,19/01/2019 13:30,9079.01,80.71,TRADE,ARIMA
NSW1,19/01/2019 14:00,8978.66,77.14,TRADE,ARIMA
NSW1,19/01/2019 14:30,9016.07,74.18,TRADE,ARIMA
NSW1,19/01/2019 15:00,9053.28,75.27,TRADE,ARIMA
NSW1,19/01/2019 15:30,9101.69,81.2,TRADE,ARIMA
NSW1,19/01/2019 16:00,9129.51,80.43,TRADE,ARIMA
NSW1,19/01/2019 16:30,9082.08,75.72,TRADE,ARIMA
NSW1,19/01/2019 17:00,9073.33,74.74,TRADE,ARIMA
NSW1,19/01/2019 17:30,9001.92,76.55,TRADE,ARIMA
NSW1,19/01/2019 18:00,8978.24,92.44,TRADE,ARIMA
NSW1,19/01/2019 18:30,8918.3,97.4,TRADE,ARIMA
NSW1,19/01/2019 19:00,8787.61,89.31,TRADE,ARIMA
NSW1,19/01/2019 19:30,8701.23,95.43,TRADE,ARIMA
NSW1,19/01/2019 20:00,8669.36,76.08,TRADE,ARIMA
NSW1,19/01/2019 20:30,8525.38,76.32,TRADE,ARIMA
NSW1,19/01/2019 21:00,8352.71,76.15,TRADE,ARIMA
NSW1,19/01/2019 21:30,8164.23,77.42,TRADE,ARIMA
NSW1,19/01/2019 22:00,8071.86,75.02,TRADE,ARIMA
NSW1,19/01/2019 22:30,7955.88,66.17,TRADE,ARIMA
NSW1,19/01/2019 23:00,7772.33,60.07,TRADE,ARIMA
NSW1,19/01/2019 23:30,7611.57,79.15,TRADE,ARIMA
NSW1,20/01/2019 0:00,7420.33,64.99,TRADE,ARIMA
NSW1,20/01/2019 0:30,7249.63,65.2,TRADE,ARIMA
NSW1,20/01/2019 1:00,7045.62,63.11,TRADE,ARIMA
NSW1,20/01/2019 1:30,6797.5,46.29,TRADE,ARIMA
NSW1,20/01/2019 2:00,6591.76,45.55,TRADE,ARIMA
NSW1,20/01/2019 2:30,6493.65,48.79,TRADE,ARIMA
NSW1,20/01/2019 3:00,6482.76,54.29,TRADE,ARIMA
NSW1,20/01/2019 3:30,6408.85,50.55,TRADE,ARIMA
NSW1,20/01/2019 4:00,6464.57,43.67,TRADE,ARIMA
NSW1,20/01/2019 4:30,6432.85,47.18,TRADE,ARIMA
NSW1,20/01/2019 5:00,6476.06,38.11,TRADE,ARIMA
NSW1,20/01/2019 5:30,6531.73,47.39,TRADE,ARIMA
NSW1,20/01/2019 6:00,6703.99,53.98,TRADE,ARIMA
NSW1,20/01/2019 6:30,6870.04,59.69,TRADE,ARIMA
NSW1,20/01/2019 7:00,7036.17,68.97,TRADE,ARIMA
NSW1,20/01/2019 7:30,7264.57,55.99,TRADE,ARIMA
NSW1,20/01/2019 8:00,7438.84,71.58,TRADE,ARIMA
NSW1,20/01/2019 8:30,7657.59,73.19,TRADE,ARIMA
NSW1,20/01/2019 9:00,7709.48,62.51,TRADE,ARIMA
NSW1,20/01/2019 9:30,7819.28,63.6,TRADE,ARIMA
NSW1,20/01/2019 10:00,7763.41,66.01,TRADE,ARIMA
NSW1,20/01/2019 10:30,7806.03,65.29,TRADE,ARIMA
NSW1,20/01/2019 11:00,7821.87,69.15,TRADE,ARIMA
NSW1,20/01/2019 11:30,7901.29,78.04,TRADE,ARIMA
NSW1,20/01/2019 12:00,7947.89,81.54,TRADE,ARIMA
NSW1,20/01/2019 12:30,7995.33,84.74,TRADE,ARIMA
NSW1,20/01/2019 13:00,8047.61,84.85,TRADE,ARIMA
NSW1,20/01/2019 13:30,8111.94,77.08,TRADE,ARIMA
NSW1,20/01/2019 14:00,8192.29,72.62,TRADE,ARIMA
NSW1,20/01/2019 14:30,8382.35,69.94,TRADE,ARIMA
NSW1,20/01/2019 15:00,8638.32,76.43,TRADE,ARIMA
NSW1,20/01/2019 15:30,8797.41,82.57,TRADE,ARIMA
NSW1,20/01/2019 16:00,8858.6,94.57,TRADE,ARIMA
NSW1,20/01/2019 16:30,8954.65,91.04,TRADE,ARIMA
NSW1,20/01/2019 17:00,9127.92,87.74,TRADE,ARIMA
NSW1,20/01/2019 17:30,9031.56,84.8,TRADE,ARIMA
NSW1,20/01/2019 18:00,9121.68,104.33,TRADE,ARIMA
NSW1,20/01/2019 18:30,9030.03,106.35,TRADE,ARIMA
NSW1,20/01/2019 19:00,8934.29,105.54,TRADE,ARIMA
NSW1,20/01/2019 19:30,8886.91,103.98,TRADE,ARIMA
NSW1,20/01/2019 20:00,8963.42,100.29,TRADE,ARIMA
NSW1,20/01/2019 20:30,8695.19,74.53,TRADE,ARIMA
NSW1,20/01/2019 21:00,8495.31,70.95,TRADE,ARIMA
NSW1,20/01/2019 21:30,8339.26,68.96,TRADE,ARIMA
NSW1,20/01/2019 22:00,8164.08,64.42,TRADE,ARIMA
NSW1,20/01/2019 22:30,8029.02,98.52,TRADE,ARIMA
NSW1,20/01/2019 23:00,7759.06,82.4,TRADE,ARIMA
NSW1,20/01/2019 23:30,7551.09,69.32,TRADE,ARIMA
NSW1,21/01/2019 0:00,7377.38,58.03,TRADE,ARIMA
NSW1,21/01/2019 0:30,7219.27,79.45,TRADE,ARIMA
NSW1,21/01/2019 1:00,7122.65,95.21,TRADE,ARIMA
NSW1,21/01/2019 1:30,6865.15,69.08,TRADE,ARIMA
NSW1,21/01/2019 2:00,6684.47,77.63,TRADE,ARIMA
NSW1,21/01/2019 2:30,6592.98,67.74,TRADE,ARIMA
NSW1,21/01/2019 3:00,6555.86,70.35,TRADE,ARIMA
NSW1,21/01/2019 3:30,6616.81,64.75,TRADE,ARIMA
NSW1,21/01/2019 4:00,6739.51,80.84,TRADE,ARIMA
NSW1,21/01/2019 4:30,6910.64,68.63,TRADE,ARIMA
NSW1,21/01/2019 5:00,7208.85,73.17,TRADE,ARIMA
NSW1,21/01/2019 5:30,7673.84,91.55,TRADE,ARIMA
NSW1,21/01/2019 6:00,8034.98,94.55,TRADE,ARIMA
NSW1,21/01/2019 6:30,8453.95,110.69,TRADE,ARIMA
NSW1,21/01/2019 7:00,8785.49,133.79,TRADE,ARIMA
NSW1,21/01/2019 7:30,8992.86,129.04,TRADE,ARIMA
NSW1,21/01/2019 8:00,9200.52,135.76,TRADE,ARIMA
NSW1,21/01/2019 8:30,9373.77,131.49,TRADE,ARIMA
NSW1,21/01/2019 9:00,9426.86,118.5,TRADE,ARIMA
NSW1,21/01/2019 9:30,9472.52,118.68,TRADE,ARIMA
NSW1,21/01/2019 10:00,9572.36,128.39,TRADE,ARIMA
NSW1,21/01/2019 10:30,9619.66,128.83,TRADE,ARIMA
NSW1,21/01/2019 11:00,9677.5,126.93,TRADE,ARIMA
NSW1,21/01/2019 11:30,9740.49,137.11,TRADE,ARIMA
NSW1,21/01/2019 12:00,9745.41,135.22,TRADE,ARIMA
NSW1,21/01/2019 12:30,9747.94,116.97,TRADE,ARIMA
NSW1,21/01/2019 13:00,9766.75,118.96,TRADE,ARIMA
NSW1,21/01/2019 13:30,9911.91,205.04,TRADE,ARIMA
NSW1,21/01/2019 14:00,9974.59,121.78,TRADE,ARIMA
NSW1,21/01/2019 14:30,10007.15,108.23,TRADE,ARIMA
NSW1,21/01/2019 15:00,10073.62,127.06,TRADE,ARIMA
NSW1,21/01/2019 15:30,10199.29,115.85,TRADE,ARIMA
NSW1,21/01/2019 16:00,10242.62,140.11,TRADE,ARIMA
NSW1,21/01/2019 16:30,10395.21,134.56,TRADE,ARIMA
NSW1,21/01/2019 17:00,10400.32,108.17,TRADE,ARIMA
NSW1,21/01/2019 17:30,10266.26,104.82,TRADE,ARIMA
NSW1,21/01/2019 18:00,10222.04,106.98,TRADE,ARIMA
NSW1,21/01/2019 18:30,10098.32,100.7,TRADE,ARIMA
NSW1,21/01/2019 19:00,9967.35,167.38,TRADE,ARIMA
NSW1,21/01/2019 19:30,9861.44,130.8,TRADE,ARIMA
NSW1,21/01/2019 20:00,9874.13,125.94,TRADE,ARIMA
NSW1,21/01/2019 20:30,9685.29,93.97,TRADE,ARIMA
NSW1,21/01/2019 21:00,9303.18,88.31,TRADE,ARIMA
NSW1,21/01/2019 21:30,9137.7,94.11,TRADE,ARIMA
NSW1,21/01/2019 22:00,8845.4,82.05,TRADE,ARIMA
NSW1,21/01/2019 22:30,8680.44,80.61,TRADE,ARIMA
NSW1,21/01/2019 23:00,8401.39,75.53,TRADE,ARIMA
NSW1,21/01/2019 23:30,8169.01,61.64,TRADE,ARIMA
NSW1,22/01/2019 0:00,7962.14,62.17,TRADE,ARIMA
NSW1,22/01/2019 0:30,7759.57,61.51,TRADE,ARIMA
NSW1,22/01/2019 1:00,7539.02,73.67,TRADE,ARIMA
NSW1,22/01/2019 1:30,7248.81,82.34,TRADE,ARIMA
NSW1,22/01/2019 2:00,7073.7,90.3,TRADE,ARIMA
NSW1,22/01/2019 2:30,6901.33,98.13,TRADE,ARIMA
NSW1,22/01/2019 3:00,6855.04,93.04,TRADE,ARIMA
NSW1,22/01/2019 3:30,6824.18,92.49,TRADE,ARIMA
NSW1,22/01/2019 4:00,6843,90.22,TRADE,ARIMA
NSW1,22/01/2019 4:30,7092.84,91.84,TRADE,ARIMA
NSW1,22/01/2019 5:00,7269.47,87.96,TRADE,ARIMA
NSW1,22/01/2019 5:30,7652.94,109.02,TRADE,ARIMA
NSW1,22/01/2019 6:00,8034.57,122.03,TRADE,ARIMA
NSW1,22/01/2019 6:30,8391.76,132.36,TRADE,ARIMA
NSW1,22/01/2019 7:00,8751.8,111.49,TRADE,ARIMA
NSW1,22/01/2019 7:30,9028.29,87.71,TRADE,ARIMA
NSW1,22/01/2019 8:00,9225.56,103.25,TRADE,ARIMA
NSW1,22/01/2019 8:30,9483.17,105.62,TRADE,ARIMA
NSW1,22/01/2019 9:00,9508.68,103.21,TRADE,ARIMA
NSW1,22/01/2019 9:30,9688.27,129.94,TRADE,ARIMA
NSW1,22/01/2019 10:00,9856.05,142,TRADE,ARIMA
NSW1,22/01/2019 10:30,10101.77,154.04,TRADE,ARIMA
NSW1,22/01/2019 11:00,10214.09,127.74,TRADE,ARIMA
NSW1,22/01/2019 11:30,10406.78,144.04,TRADE,ARIMA
NSW1,22/01/2019 12:00,10647.24,194.6,TRADE,ARIMA
NSW1,22/01/2019 12:30,10934.41,190.81,TRADE,ARIMA
NSW1,22/01/2019 13:00,11169.52,172.57,TRADE,ARIMA
NSW1,22/01/2019 13:30,11402.91,222.13,TRADE,ARIMA
NSW1,22/01/2019 14:00,11634.43,220.3,TRADE,ARIMA
NSW1,22/01/2019 14:30,11878.91,261.14,TRADE,ARIMA
NSW1,22/01/2019 15:00,12121.4,284.54,TRADE,ARIMA
NSW1,22/01/2019 15:30,12290.73,267.71,TRADE,ARIMA
NSW1,22/01/2019 16:00,12575.07,282.87,TRADE,ARIMA
NSW1,22/01/2019 16:30,12634.08,256.86,TRADE,ARIMA
NSW1,22/01/2019 17:00,12712,220.05,TRADE,ARIMA
NSW1,22/01/2019 17:30,12516.12,220.4,TRADE,ARIMA
NSW1,22/01/2019 18:00,12365.54,209.76,TRADE,ARIMA
NSW1,22/01/2019 18:30,12052.04,180.16,TRADE,ARIMA
NSW1,22/01/2019 19:00,11733.93,269.02,TRADE,ARIMA
NSW1,22/01/2019 19:30,11480.98,183.34,TRADE,ARIMA
NSW1,22/01/2019 20:00,11214.58,128.64,TRADE,ARIMA
NSW1,22/01/2019 20:30,10802.09,108.08,TRADE,ARIMA
NSW1,22/01/2019 21:00,10342.4,109.17,TRADE,ARIMA
NSW1,22/01/2019 21:30,9966,109.7,TRADE,ARIMA
NSW1,22/01/2019 22:00,9570.85,101.28,TRADE,ARIMA
NSW1,22/01/2019 22:30,9246.18,101.67,TRADE,ARIMA
NSW1,22/01/2019 23:00,8891.22,97.47,TRADE,ARIMA
NSW1,22/01/2019 23:30,8521.02,90.2,TRADE,ARIMA
NSW1,23/01/2019 0:00,8320.19,91.31,TRADE,ARIMA
NSW1,23/01/2019 0:30,8067.36,101.99,TRADE,ARIMA
NSW1,23/01/2019 1:00,7770.02,96.21,TRADE,ARIMA
NSW1,23/01/2019 1:30,7466.78,96.68,TRADE,ARIMA
NSW1,23/01/2019 2:00,7325.48,105.17,TRADE,ARIMA
NSW1,23/01/2019 2:30,7142.52,105.98,TRADE,ARIMA
NSW1,23/01/2019 3:00,7037.81,95.1,TRADE,ARIMA
NSW1,23/01/2019 3:30,7085.13,101.11,TRADE,ARIMA
NSW1,23/01/2019 4:00,7092.84,83.61,TRADE,ARIMA
NSW1,23/01/2019 4:30,7310.64,96.11,TRADE,ARIMA
NSW1,23/01/2019 5:00,7513.88,103.27,TRADE,ARIMA
NSW1,23/01/2019 5:30,7968.76,109.67,TRADE,ARIMA
NSW1,23/01/2019 6:00,8316.38,114.18,TRADE,ARIMA
NSW1,23/01/2019 6:30,8660.24,113.85,TRADE,ARIMA
NSW1,23/01/2019 7:00,9008.38,121.47,TRADE,ARIMA
NSW1,23/01/2019 7:30,9347.35,88.94,TRADE,ARIMA
NSW1,23/01/2019 8:00,9522.75,100.81,TRADE,ARIMA
NSW1,23/01/2019 8:30,9699.9,110.74,TRADE,ARIMA
NSW1,23/01/2019 9:00,9847.4,121.08,TRADE,ARIMA
NSW1,23/01/2019 9:30,10046.64,183.63,TRADE,ARIMA
NSW1,23/01/2019 10:00,10364.89,163.17,TRADE,ARIMA
NSW1,23/01/2019 10:30,10616.79,180.09,TRADE,ARIMA
NSW1,23/01/2019 11:00,10855.15,181.8,TRADE,ARIMA
NSW1,23/01/2019 11:30,11009.26,187.51,TRADE,ARIMA
NSW1,23/01/2019 12:00,11130.14,256.08,TRADE,ARIMA
NSW1,23/01/2019 12:30,11201.5,211.26,TRADE,ARIMA
NSW1,23/01/2019 13:00,11284.68,151.26,TRADE,ARIMA
NSW1,23/01/2019 13:30,11268.11,136.41,TRADE,ARIMA
NSW1,23/01/2019 14:00,11271.21,168.83,TRADE,ARIMA
NSW1,23/01/2019 14:30,11108.28,161.09,TRADE,ARIMA
NSW1,23/01/2019 15:00,10920.22,150.96,TRADE,ARIMA
NSW1,23/01/2019 15:30,10756.29,171.81,TRADE,ARIMA
NSW1,23/01/2019 16:00,10715.66,183.83,TRADE,ARIMA
NSW1,23/01/2019 16:30,10583.92,128.23,TRADE,ARIMA
NSW1,23/01/2019 17:00,10515.85,121.23,TRADE,ARIMA
NSW1,23/01/2019 17:30,10172.81,90.87,TRADE,ARIMA
NSW1,23/01/2019 18:00,10114.88,90.12,TRADE,ARIMA
NSW1,23/01/2019 18:30,9888.74,65.72,TRADE,ARIMA
NSW1,23/01/2019 19:00,9712.23,88.06,TRADE,ARIMA
NSW1,23/01/2019 19:30,9665.29,89.76,TRADE,ARIMA
NSW1,23/01/2019 20:00,9584.98,91.05,TRADE,ARIMA
NSW1,23/01/2019 20:30,9357.02,111.92,TRADE,ARIMA
NSW1,23/01/2019 21:00,9002.49,93.48,TRADE,ARIMA
NSW1,23/01/2019 21:30,8812.05,90.39,TRADE,ARIMA
NSW1,23/01/2019 22:00,8542.83,70.52,TRADE,ARIMA
NSW1,23/01/2019 22:30,8469.37,103.52,TRADE,ARIMA
NSW1,23/01/2019 23:00,8334.13,98.19,TRADE,ARIMA
NSW1,23/01/2019 23:30,8030.15,76.45,TRADE,ARIMA
NSW1,24/01/2019 0:00,7844.82,73.84,TRADE,ARIMA
NSW1,24/01/2019 0:30,7586.23,78.28,TRADE,ARIMA
NSW1,24/01/2019 1:00,7381.73,67.98,TRADE,ARIMA
NSW1,24/01/2019 1:30,7088.07,77.31,TRADE,ARIMA
NSW1,24/01/2019 2:00,6971.26,85.13,TRADE,ARIMA
NSW1,24/01/2019 2:30,6848.17,80.84,TRADE,ARIMA
NSW1,24/01/2019 3:00,6758.88,82.71,TRADE,ARIMA
NSW1,24/01/2019 3:30,6777.73,86.53,TRADE,ARIMA
NSW1,24/01/2019 4:00,6828.93,86.28,TRADE,ARIMA
NSW1,24/01/2019 4:30,7046.66,83.77,TRADE,ARIMA
NSW1,24/01/2019 5:00,7261.65,81.04,TRADE,ARIMA
NSW1,24/01/2019 5:30,7682.87,89.51,TRADE,ARIMA
NSW1,24/01/2019 6:00,7998.78,98.34,TRADE,ARIMA
NSW1,24/01/2019 6:30,8373.98,99.56,TRADE,ARIMA
NSW1,24/01/2019 7:00,8649.42,82.8,TRADE,ARIMA
NSW1,24/01/2019 7:30,8838.86,77.06,TRADE,ARIMA
NSW1,24/01/2019 8:00,8981.29,82.84,TRADE,ARIMA
NSW1,24/01/2019 8:30,9144.48,83.31,TRADE,ARIMA
NSW1,24/01/2019 9:00,9221.25,91.32,TRADE,ARIMA
NSW1,24/01/2019 9:30,9224.28,90.57,TRADE,ARIMA
NSW1,24/01/2019 10:00,9254.8,98.71,TRADE,ARIMA
NSW1,24/01/2019 10:30,9228.98,90.71,TRADE,ARIMA
NSW1,24/01/2019 11:00,9212.52,82.35,TRADE,ARIMA
NSW1,24/01/2019 11:30,9205.97,63.94,TRADE,ARIMA
NSW1,24/01/2019 12:00,9300.3,92.64,TRADE,ARIMA
NSW1,24/01/2019 12:30,9439.78,106.64,TRADE,ARIMA
NSW1,24/01/2019 13:00,9523.45,106.3,TRADE,ARIMA
NSW1,24/01/2019 13:30,9747.4,112.51,TRADE,ARIMA
NSW1,24/01/2019 14:00,10007.87,185.96,TRADE,ARIMA
NSW1,24/01/2019 14:30,10291.94,165.81,TRADE,ARIMA
NSW1,24/01/2019 15:00,10461.69,196.59,TRADE,ARIMA
NSW1,24/01/2019 15:30,10613.79,109.42,TRADE,ARIMA
NSW1,24/01/2019 16:00,10759.7,208.76,TRADE,ARIMA
NSW1,24/01/2019 16:30,10803.74,158.11,TRADE,ARIMA
NSW1,24/01/2019 17:00,10884.25,117.2,TRADE,ARIMA
NSW1,24/01/2019 17:30,10743.18,144.79,TRADE,ARIMA
NSW1,24/01/2019 18:00,10709.69,109.71,TRADE,ARIMA
NSW1,24/01/2019 18:30,10543.94,107.34,TRADE,ARIMA
NSW1,24/01/2019 19:00,10430.45,130.1,TRADE,ARIMA
NSW1,24/01/2019 19:30,10358.18,118.1,TRADE,ARIMA
NSW1,24/01/2019 20:00,10261.84,108.53,TRADE,ARIMA
NSW1,24/01/2019 20:30,9943.76,107.78,TRADE,ARIMA
NSW1,24/01/2019 21:00,9604.81,109.49,TRADE,ARIMA
NSW1,24/01/2019 21:30,9400.25,140.68,TRADE,ARIMA
NSW1,24/01/2019 22:00,9127.61,101.62,TRADE,ARIMA
NSW1,24/01/2019 22:30,8921.92,97.19,TRADE,ARIMA
NSW1,24/01/2019 23:00,8594.23,67.48,TRADE,ARIMA
NSW1,24/01/2019 23:30,8296.67,71.68,TRADE,ARIMA
NSW1,25/01/2019 0:00,8109.48,77.71,TRADE,ARIMA
NSW1,25/01/2019 0:30,7913,77.48,TRADE,ARIMA
NSW1,25/01/2019 1:00,7692.56,74.7,TRADE,ARIMA
NSW1,25/01/2019 1:30,7378.15,83.61,TRADE,ARIMA
NSW1,25/01/2019 2:00,7191.78,80.23,TRADE,ARIMA
NSW1,25/01/2019 2:30,7078.59,81.12,TRADE,ARIMA
NSW1,25/01/2019 3:00,6983.35,83.04,TRADE,ARIMA
NSW1,25/01/2019 3:30,7030.74,91.86,TRADE,ARIMA
NSW1,25/01/2019 4:00,7075.36,89.39,TRADE,ARIMA
NSW1,25/01/2019 4:30,7228.24,77.46,TRADE,ARIMA
NSW1,25/01/2019 5:00,7432.22,86.64,TRADE,ARIMA
NSW1,25/01/2019 5:30,7798.2,85.76,TRADE,ARIMA
NSW1,25/01/2019 6:00,8216.48,92.35,TRADE,ARIMA
NSW1,25/01/2019 6:30,8572.1,83.3,TRADE,ARIMA
NSW1,25/01/2019 7:00,8991.46,90.05,TRADE,ARIMA
NSW1,25/01/2019 7:30,9359.51,103.59,TRADE,ARIMA
NSW1,25/01/2019 8:00,9600.91,107.69,TRADE,ARIMA
NSW1,25/01/2019 8:30,9879.01,111.99,TRADE,ARIMA
NSW1,25/01/2019 9:00,10065.18,99.16,TRADE,ARIMA
NSW1,25/01/2019 9:30,10275,96.88,TRADE,ARIMA
NSW1,25/01/2019 10:00,10492.12,112.78,TRADE,ARIMA
NSW1,25/01/2019 10:30,10607.32,83.29,TRADE,ARIMA
NSW1,25/01/2019 11:00,10881.09,159.91,TRADE,ARIMA
NSW1,25/01/2019 11:30,11067.73,154.27,TRADE,ARIMA
NSW1,25/01/2019 12:00,11176.6,109.63,TRADE,ARIMA
NSW1,25/01/2019 12:30,11440.11,181.88,TRADE,ARIMA
NSW1,25/01/2019 13:00,11693.95,115.3,TRADE,ARIMA
NSW1,25/01/2019 13:30,11897.1,137.25,TRADE,ARIMA
NSW1,25/01/2019 14:00,12143.71,184.39,TRADE,ARIMA
NSW1,25/01/2019 14:30,12366.13,277.64,TRADE,ARIMA
NSW1,25/01/2019 15:00,12616.08,258.43,TRADE,ARIMA
NSW1,25/01/2019 15:30,12818.99,303.89,TRADE,ARIMA
NSW1,25/01/2019 16:00,13016.55,265.87,TRADE,ARIMA
NSW1,25/01/2019 16:30,13119.29,272.49,TRADE,ARIMA
NSW1,25/01/2019 17:00,13206.9,323.79,TRADE,ARIMA
NSW1,25/01/2019 17:30,13038.9,242.24,TRADE,ARIMA
NSW1,25/01/2019 18:00,12954.25,278.08,TRADE,ARIMA
NSW1,25/01/2019 18:30,12608.3,291.11,TRADE,ARIMA
NSW1,25/01/2019 19:00,12401.96,295.79,TRADE,ARIMA
NSW1,25/01/2019 19:30,12161.57,283.57,TRADE,ARIMA
NSW1,25/01/2019 20:00,11993.21,290.42,TRADE,ARIMA
NSW1,25/01/2019 20:30,11648.81,127,TRADE,ARIMA
NSW1,25/01/2019 21:00,11207.6,160.51,TRADE,ARIMA
NSW1,25/01/2019 21:30,10870.72,117.2,TRADE,ARIMA
NSW1,25/01/2019 22:00,10423.72,105.29,TRADE,ARIMA
NSW1,25/01/2019 22:30,10061.96,107.1,TRADE,ARIMA
NSW1,25/01/2019 23:00,9621.17,94.7,TRADE,ARIMA
NSW1,25/01/2019 23:30,9230.24,71.77,TRADE,ARIMA
NSW1,26/01/2019 0:00,8959.53,75.17,TRADE,ARIMA
NSW1,26/01/2019 0:30,8572.27,75.21,TRADE,ARIMA
NSW1,26/01/2019 1:00,8251.83,68.42,TRADE,ARIMA
NSW1,26/01/2019 1:30,7930.4,66.97,TRADE,ARIMA
NSW1,26/01/2019 2:00,7625.08,79.05,TRADE,ARIMA
NSW1,26/01/2019 2:30,7523.3,80.22,TRADE,ARIMA
NSW1,26/01/2019 3:00,7376.68,80.3,TRADE,ARIMA
NSW1,26/01/2019 3:30,7330.69,67.71,TRADE,ARIMA
NSW1,26/01/2019 4:00,7299.31,55.76,TRADE,ARIMA
NSW1,26/01/2019 4:30,7310.66,74.88,TRADE,ARIMA
NSW1,26/01/2019 5:00,7408.17,69.73,TRADE,ARIMA
NSW1,26/01/2019 5:30,7453.71,67.58,TRADE,ARIMA
NSW1,26/01/2019 6:00,7540.97,59.52,TRADE,ARIMA
NSW1,26/01/2019 6:30,7832.84,64.34,TRADE,ARIMA
NSW1,26/01/2019 7:00,8176.55,61.01,TRADE,ARIMA
NSW1,26/01/2019 7:30,8609.63,76.8,TRADE,ARIMA
NSW1,26/01/2019 8:00,9006.59,69.42,TRADE,ARIMA
NSW1,26/01/2019 8:30,9512.12,87.6,TRADE,ARIMA
NSW1,26/01/2019 9:00,9813.5,95.87,TRADE,ARIMA
NSW1,26/01/2019 9:30,10222.3,99.6,TRADE,ARIMA
NSW1,26/01/2019 10:00,10471.65,104.47,TRADE,ARIMA
NSW1,26/01/2019 10:30,10751.41,130.96,TRADE,ARIMA
NSW1,26/01/2019 11:00,10927.65,122.16,TRADE,ARIMA
NSW1,26/01/2019 11:30,11058.58,171.9,TRADE,ARIMA
NSW1,26/01/2019 12:00,11214.65,113.29,TRADE,ARIMA
NSW1,26/01/2019 12:30,11233.03,123.94,TRADE,ARIMA
NSW1,26/01/2019 13:00,11274.68,134.04,TRADE,ARIMA
NSW1,26/01/2019 13:30,11315.56,166.17,TRADE,ARIMA
NSW1,26/01/2019 14:00,11431.08,127.84,TRADE,ARIMA
NSW1,26/01/2019 14:30,11462.05,130.57,TRADE,ARIMA
NSW1,26/01/2019 15:00,11613.09,218.84,TRADE,ARIMA
NSW1,26/01/2019 15:30,11700.39,124.13,TRADE,ARIMA
NSW1,26/01/2019 16:00,11771.98,206.58,TRADE,ARIMA
NSW1,26/01/2019 16:30,11694.02,154.83,TRADE,ARIMA
NSW1,26/01/2019 17:00,11617.11,202.96,TRADE,ARIMA
NSW1,26/01/2019 17:30,11522.4,166.51,TRADE,ARIMA
NSW1,26/01/2019 18:00,11306.54,123.64,TRADE,ARIMA
NSW1,26/01/2019 18:30,11178.16,116.2,TRADE,ARIMA
NSW1,26/01/2019 19:00,10932.26,121.74,TRADE,ARIMA
NSW1,26/01/2019 19:30,10854.07,120.73,TRADE,ARIMA
NSW1,26/01/2019 20:00,10704.43,118.7,TRADE,ARIMA
NSW1,26/01/2019 20:30,10409.09,116.12,TRADE,ARIMA
NSW1,26/01/2019 21:00,10133.49,104.13,TRADE,ARIMA
NSW1,26/01/2019 21:30,9830.57,93.89,TRADE,ARIMA
NSW1,26/01/2019 22:00,9560.38,85.69,TRADE,ARIMA
NSW1,26/01/2019 22:30,9268.64,77.98,TRADE,ARIMA
NSW1,26/01/2019 23:00,8841.45,59.5,TRADE,ARIMA
NSW1,26/01/2019 23:30,8558.31,68.95,TRADE,ARIMA
NSW1,27/01/2019 0:00,8205.08,75.77,TRADE,ARIMA
NSW1,27/01/2019 0:30,7980.93,82.05,TRADE,ARIMA
NSW1,27/01/2019 1:00,7800.81,72.65,TRADE,ARIMA
NSW1,27/01/2019 1:30,7481.26,63.24,TRADE,ARIMA
NSW1,27/01/2019 2:00,7246.94,67.68,TRADE,ARIMA
NSW1,27/01/2019 2:30,7222.72,80,TRADE,ARIMA
NSW1,27/01/2019 3:00,7139.92,76.81,TRADE,ARIMA
NSW1,27/01/2019 3:30,7020.82,71.18,TRADE,ARIMA
NSW1,27/01/2019 4:00,7007.83,67.1,TRADE,ARIMA
NSW1,27/01/2019 4:30,6995.12,69.37,TRADE,ARIMA
NSW1,27/01/2019 5:00,7002.34,78.93,TRADE,ARIMA
NSW1,27/01/2019 5:30,7003.35,80.78,TRADE,ARIMA
NSW1,27/01/2019 6:00,7052.45,79.02,TRADE,ARIMA
NSW1,27/01/2019 6:30,7219.23,71.71,TRADE,ARIMA
NSW1,27/01/2019 7:00,7469.19,57.98,TRADE,ARIMA
NSW1,27/01/2019 7:30,7812.28,65.82,TRADE,ARIMA
NSW1,27/01/2019 8:00,8137.12,74.41,TRADE,ARIMA
NSW1,27/01/2019 8:30,8506.86,81.33,TRADE,ARIMA
NSW1,27/01/2019 9:00,8822.88,84.01,TRADE,ARIMA
NSW1,27/01/2019 9:30,9235.2,83.34,TRADE,ARIMA
NSW1,27/01/2019 10:00,9513.2,81.32,TRADE,ARIMA
NSW1,27/01/2019 10:30,9721.8,85.43,TRADE,ARIMA
NSW1,27/01/2019 11:00,10008.33,90.02,TRADE,ARIMA
NSW1,27/01/2019 11:30,10184.37,133.11,TRADE,ARIMA
NSW1,27/01/2019 12:00,10371.14,128.7,TRADE,ARIMA
NSW1,27/01/2019 12:30,10549.65,96.78,TRADE,ARIMA
NSW1,27/01/2019 13:00,10579.43,95.35,TRADE,ARIMA
NSW1,27/01/2019 13:30,10621.34,94.49,TRADE,ARIMA
NSW1,27/01/2019 14:00,10656.11,92.54,TRADE,ARIMA
NSW1,27/01/2019 14:30,10669.73,94,TRADE,ARIMA
NSW1,27/01/2019 15:00,10732.39,98.43,TRADE,ARIMA
NSW1,27/01/2019 15:30,10777.77,102.38,TRADE,ARIMA
NSW1,27/01/2019 16:00,10678.78,94.72,TRADE,ARIMA
NSW1,27/01/2019 16:30,10325.07,91.96,TRADE,ARIMA
NSW1,27/01/2019 17:00,10265.15,101.07,TRADE,ARIMA
NSW1,27/01/2019 17:30,10129.34,109.28,TRADE,ARIMA
NSW1,27/01/2019 18:00,9985.34,111.58,TRADE,ARIMA
NSW1,27/01/2019 18:30,9766.98,112.32,TRADE,ARIMA
NSW1,27/01/2019 19:00,9616.99,113.37,TRADE,ARIMA
NSW1,27/01/2019 19:30,9589.64,114.91,TRADE,ARIMA
NSW1,27/01/2019 20:00,9516.59,117.62,TRADE,ARIMA
NSW1,27/01/2019 20:30,9294.01,115.74,TRADE,ARIMA
NSW1,27/01/2019 21:00,9124.03,107.26,TRADE,ARIMA
NSW1,27/01/2019 21:30,8931.91,99.18,TRADE,ARIMA
NSW1,27/01/2019 22:00,8669.72,90.66,TRADE,ARIMA
NSW1,27/01/2019 22:30,8529.53,99.6,TRADE,ARIMA
NSW1,27/01/2019 23:00,8245.44,90.54,TRADE,ARIMA
NSW1,27/01/2019 23:30,7958.25,87.02,TRADE,ARIMA
NSW1,28/01/2019 0:00,7763.86,89.06,TRADE,ARIMA
NSW1,28/01/2019 0:30,7542.3,84.05,TRADE,ARIMA
NSW1,28/01/2019 1:00,7384.44,73.94,TRADE,ARIMA
NSW1,28/01/2019 1:30,7100.11,81.05,TRADE,ARIMA
NSW1,28/01/2019 2:00,6942.61,84.82,TRADE,ARIMA
NSW1,28/01/2019 2:30,6861.79,89.97,TRADE,ARIMA
NSW1,28/01/2019 3:00,6759.28,80.65,TRADE,ARIMA
NSW1,28/01/2019 3:30,6758.72,78.44,TRADE,ARIMA
NSW1,28/01/2019 4:00,6719.84,76.37,TRADE,ARIMA
NSW1,28/01/2019 4:30,6779.29,87.77,TRADE,ARIMA
NSW1,28/01/2019 5:00,6830.92,91.63,TRADE,ARIMA
NSW1,28/01/2019 5:30,6943.24,71.39,TRADE,ARIMA
NSW1,28/01/2019 6:00,7046.22,65.79,TRADE,ARIMA
NSW1,28/01/2019 6:30,7243.87,80.45,TRADE,ARIMA
NSW1,28/01/2019 7:00,7433.83,83.88,TRADE,ARIMA
NSW1,28/01/2019 7:30,7695.58,87.84,TRADE,ARIMA
NSW1,28/01/2019 8:00,7919.48,95.14,TRADE,ARIMA
NSW1,28/01/2019 8:30,8121.7,95.19,TRADE,ARIMA
NSW1,28/01/2019 9:00,8306.91,85.52,TRADE,ARIMA
NSW1,28/01/2019 9:30,8410.48,78.6,TRADE,ARIMA
NSW1,28/01/2019 10:00,8498.18,85.57,TRADE,ARIMA
NSW1,28/01/2019 10:30,8585.4,102.52,TRADE,ARIMA
NSW1,28/01/2019 11:00,8658.48,101.47,TRADE,ARIMA
NSW1,28/01/2019 11:30,8770.2,121.29,TRADE,ARIMA
NSW1,28/01/2019 12:00,8932.09,119.82,TRADE,ARIMA
NSW1,28/01/2019 12:30,9012.64,99.79,TRADE,ARIMA
NSW1,28/01/2019 13:00,9174,130.61,TRADE,ARIMA
NSW1,28/01/2019 13:30,9311.5,131.96,TRADE,ARIMA
NSW1,28/01/2019 14:00,9437.63,152.79,TRADE,ARIMA
NSW1,28/01/2019 14:30,9538.92,164.11,TRADE,ARIMA
NSW1,28/01/2019 15:00,9645.17,187.58,TRADE,ARIMA
NSW1,28/01/2019 15:30,9797.07,173.43,TRADE,ARIMA
NSW1,28/01/2019 16:00,9900.39,252.21,TRADE,ARIMA
NSW1,28/01/2019 16:30,10035.87,270.12,TRADE,ARIMA
NSW1,28/01/2019 17:00,10181.53,276.33,TRADE,ARIMA
NSW1,28/01/2019 17:30,10032.42,272.92,TRADE,ARIMA
NSW1,28/01/2019 18:00,9873.99,271.92,TRADE,ARIMA
NSW1,28/01/2019 18:30,9730.6,259.51,TRADE,ARIMA
NSW1,28/01/2019 19:00,9599.71,250.16,TRADE,ARIMA
NSW1,28/01/2019 19:30,9595.79,178.67,TRADE,ARIMA
NSW1,28/01/2019 20:00,9458.2,112.17,TRADE,ARIMA
NSW1,28/01/2019 20:30,9267.2,105.53,TRADE,ARIMA
NSW1,28/01/2019 21:00,9075.49,100.17,TRADE,ARIMA
NSW1,28/01/2019 21:30,8899.61,94.43,TRADE,ARIMA
NSW1,28/01/2019 22:00,8658.52,82.61,TRADE,ARIMA
NSW1,28/01/2019 22:30,8499.22,90.56,TRADE,ARIMA
NSW1,28/01/2019 23:00,8261.88,75.46,TRADE,ARIMA
NSW1,28/01/2019 23:30,7992.66,70.35,TRADE,ARIMA
NSW1,29/01/2019 0:00,7855.9,79.85,TRADE,ARIMA
NSW1,29/01/2019 0:30,7642.27,84.35,TRADE,ARIMA
NSW1,29/01/2019 1:00,7443.95,80.49,TRADE,ARIMA
NSW1,29/01/2019 1:30,7193.63,80.05,TRADE,ARIMA
NSW1,29/01/2019 2:00,7007.88,78.78,TRADE,ARIMA
NSW1,29/01/2019 2:30,6921.5,80.4,TRADE,ARIMA
NSW1,29/01/2019 3:00,6895.48,82.63,TRADE,ARIMA
NSW1,29/01/2019 3:30,6878.38,74.6,TRADE,ARIMA
NSW1,29/01/2019 4:00,6897.39,73.76,TRADE,ARIMA
NSW1,29/01/2019 4:30,7094.42,79.56,TRADE,ARIMA
NSW1,29/01/2019 5:00,7287.16,83.47,TRADE,ARIMA
NSW1,29/01/2019 5:30,7764.49,80.32,TRADE,ARIMA
NSW1,29/01/2019 6:00,8164.47,88.29,TRADE,ARIMA
NSW1,29/01/2019 6:30,8616.39,130.92,TRADE,ARIMA
NSW1,29/01/2019 7:00,9012.86,220.49,TRADE,ARIMA
NSW1,29/01/2019 7:30,9376.94,109.26,TRADE,ARIMA
NSW1,29/01/2019 8:00,9658.7,115.06,TRADE,ARIMA
NSW1,29/01/2019 8:30,9836.43,114.02,TRADE,ARIMA
NSW1,29/01/2019 9:00,10027.54,118.91,TRADE,ARIMA
NSW1,29/01/2019 9:30,10201.98,130.16,TRADE,ARIMA
NSW1,29/01/2019 10:00,10296.53,125.29,TRADE,ARIMA
NSW1,29/01/2019 10:30,10478.83,160.61,TRADE,ARIMA
NSW1,29/01/2019 11:00,10603.95,201.81,TRADE,ARIMA
NSW1,29/01/2019 11:30,10838.68,294.01,TRADE,ARIMA
NSW1,29/01/2019 12:00,11073.55,166.37,TRADE,ARIMA
NSW1,29/01/2019 12:30,11340.56,127.16,TRADE,ARIMA
NSW1,29/01/2019 13:00,11591.51,155.93,TRADE,ARIMA
NSW1,29/01/2019 13:30,11921.88,261.76,TRADE,ARIMA
NSW1,29/01/2019 14:00,12047.87,266.21,TRADE,ARIMA
NSW1,29/01/2019 14:30,12304.45,269.26,TRADE,ARIMA
NSW1,29/01/2019 15:00,12526.13,270.94,TRADE,ARIMA
NSW1,29/01/2019 15:30,12732.53,274.61,TRADE,ARIMA
NSW1,29/01/2019 16:00,12923.19,2258.55,TRADE,ARIMA
NSW1,29/01/2019 16:30,12871.28,4631.98,TRADE,ARIMA
NSW1,29/01/2019 17:00,12842.56,2325.06,TRADE,ARIMA
NSW1,29/01/2019 17:30,12691.98,272.31,TRADE,ARIMA
NSW1,29/01/2019 18:00,12572.28,283.6,TRADE,ARIMA
NSW1,29/01/2019 18:30,12219.16,275.23,TRADE,ARIMA
NSW1,29/01/2019 19:00,11883.86,287.35,TRADE,ARIMA
NSW1,29/01/2019 19:30,11506.37,158.7,TRADE,ARIMA
NSW1,29/01/2019 20:00,11280.31,121.54,TRADE,ARIMA
NSW1,29/01/2019 20:30,10841.57,120.45,TRADE,ARIMA
NSW1,29/01/2019 21:00,10422.24,110.22,TRADE,ARIMA
NSW1,29/01/2019 21:30,9994.41,105.85,TRADE,ARIMA
NSW1,29/01/2019 22:00,9548.38,99.58,TRADE,ARIMA
NSW1,29/01/2019 22:30,9273.1,106.37,TRADE,ARIMA
NSW1,29/01/2019 23:00,8884.25,115.08,TRADE,ARIMA
NSW1,29/01/2019 23:30,8544.63,103.13,TRADE,ARIMA
NSW1,30/01/2019 0:00,8330.48,97.84,TRADE,ARIMA
NSW1,30/01/2019 0:30,8116.18,94.87,TRADE,ARIMA
NSW1,30/01/2019 1:00,7866.53,92.75,TRADE,ARIMA
NSW1,30/01/2019 1:30,7614.39,83.36,TRADE,ARIMA
NSW1,30/01/2019 2:00,7352.3,85.98,TRADE,ARIMA
NSW1,30/01/2019 2:30,7206.91,82.78,TRADE,ARIMA
NSW1,30/01/2019 3:00,7099.81,77.79,TRADE,ARIMA
NSW1,30/01/2019 3:30,7157.93,76.96,TRADE,ARIMA
NSW1,30/01/2019 4:00,7202.66,82.41,TRADE,ARIMA
NSW1,30/01/2019 4:30,7463.49,90.69,TRADE,ARIMA
NSW1,30/01/2019 5:00,7605.38,63.51,TRADE,ARIMA
NSW1,30/01/2019 5:30,8084.87,83.77,TRADE,ARIMA
NSW1,30/01/2019 6:00,8470.69,103.59,TRADE,ARIMA
NSW1,30/01/2019 6:30,8903.23,120.91,TRADE,ARIMA
NSW1,30/01/2019 7:00,9291.9,135.05,TRADE,ARIMA
NSW1,30/01/2019 7:30,9514.2,115.18,TRADE,ARIMA
NSW1,30/01/2019 8:00,9609.19,121.28,TRADE,ARIMA
NSW1,30/01/2019 8:30,9834.8,158.43,TRADE,ARIMA
NSW1,30/01/2019 9:00,10038.76,127.31,TRADE,ARIMA
NSW1,30/01/2019 9:30,10272.92,213.46,TRADE,ARIMA
NSW1,30/01/2019 10:00,10415.96,273.35,TRADE,ARIMA
NSW1,30/01/2019 10:30,10603.12,288.03,TRADE,ARIMA
NSW1,30/01/2019 11:00,10785.32,256.44,TRADE,ARIMA
NSW1,30/01/2019 11:30,11022.7,160.33,TRADE,ARIMA
NSW1,30/01/2019 12:00,11122.86,201.53,TRADE,ARIMA
NSW1,30/01/2019 12:30,11276.04,288.13,TRADE,ARIMA
NSW1,30/01/2019 13:00,11632.12,297.22,TRADE,ARIMA
NSW1,30/01/2019 13:30,11686.26,286.95,TRADE,ARIMA
NSW1,30/01/2019 14:00,11715.13,299.58,TRADE,ARIMA
NSW1,30/01/2019 14:30,11780.92,239.58,TRADE,ARIMA
NSW1,30/01/2019 15:00,11899.53,243.83,TRADE,ARIMA
NSW1,30/01/2019 15:30,12208.95,253.63,TRADE,ARIMA
NSW1,30/01/2019 16:00,12369.34,222.66,TRADE,ARIMA
NSW1,30/01/2019 16:30,12228.83,218.81,TRADE,ARIMA
NSW1,30/01/2019 17:00,12252.69,200.87,TRADE,ARIMA
NSW1,30/01/2019 17:30,12004.28,205.97,TRADE,ARIMA
NSW1,30/01/2019 18:00,11921.19,133.44,TRADE,ARIMA
NSW1,30/01/2019 18:30,11649.07,126.51,TRADE,ARIMA
NSW1,30/01/2019 19:00,11440.62,185.27,TRADE,ARIMA
NSW1,30/01/2019 19:30,11298.74,163.66,TRADE,ARIMA
NSW1,30/01/2019 20:00,11091.36,153.94,TRADE,ARIMA
NSW1,30/01/2019 20:30,10784.07,175.36,TRADE,ARIMA
NSW1,30/01/2019 21:00,10349.6,115.35,TRADE,ARIMA
NSW1,30/01/2019 21:30,9989.79,121.46,TRADE,ARIMA
NSW1,30/01/2019 22:00,9537.1,108.96,TRADE,ARIMA
NSW1,30/01/2019 22:30,9206.15,115.29,TRADE,ARIMA
NSW1,30/01/2019 23:00,8910.11,97.74,TRADE,ARIMA
NSW1,30/01/2019 23:30,8502.88,78.75,TRADE,ARIMA
NSW1,31/01/2019 0:00,8246.14,88.93,TRADE,ARIMA
NSW1,31/01/2019 0:30,7995.66,90.41,TRADE,ARIMA
NSW1,31/01/2019 1:00,7780.72,85.18,TRADE,ARIMA
NSW1,31/01/2019 1:30,7435.8,71.12,TRADE,ARIMA
NSW1,31/01/2019 2:00,7234.96,81.56,TRADE,ARIMA
NSW1,31/01/2019 2:30,7131.98,74.52,TRADE,ARIMA
NSW1,31/01/2019 3:00,7047.88,74.03,TRADE,ARIMA
NSW1,31/01/2019 3:30,7101.5,86.44,TRADE,ARIMA
NSW1,31/01/2019 4:00,7086.18,82.48,TRADE,ARIMA
NSW1,31/01/2019 4:30,7325.73,79.27,TRADE,ARIMA
NSW1,31/01/2019 5:00,7613.07,81.77,TRADE,ARIMA
NSW1,31/01/2019 5:30,8097.27,102.27,TRADE,ARIMA
NSW1,31/01/2019 6:00,8503.32,106.13,TRADE,ARIMA
NSW1,31/01/2019 6:30,8906.25,160.72,TRADE,ARIMA
NSW1,31/01/2019 7:00,9273.24,284.65,TRADE,ARIMA
NSW1,31/01/2019 7:30,9536.96,107.98,TRADE,ARIMA
NSW1,31/01/2019 8:00,9728.73,108.62,TRADE,ARIMA
NSW1,31/01/2019 8:30,9942.5,110.14,TRADE,ARIMA
NSW1,31/01/2019 9:00,10170.82,110.93,TRADE,ARIMA
NSW1,31/01/2019 9:30,10380.41,104.4,TRADE,ARIMA
NSW1,31/01/2019 10:00,10602.12,110.76,TRADE,ARIMA
NSW1,31/01/2019 10:30,10693.5,108.89,TRADE,ARIMA
NSW1,31/01/2019 11:00,10801.99,109.04,TRADE,ARIMA
NSW1,31/01/2019 11:30,11024.88,112.46,TRADE,ARIMA
NSW1,31/01/2019 12:00,11345.58,120.06,TRADE,ARIMA
NSW1,31/01/2019 12:30,11555.76,144.19,TRADE,ARIMA
NSW1,31/01/2019 13:00,11966.23,125.08,TRADE,ARIMA
NSW1,31/01/2019 13:30,12210.65,133.38,TRADE,ARIMA
NSW1,31/01/2019 14:00,12450.94,154.17,TRADE,ARIMA
NSW1,31/01/2019 14:30,12658.02,137.44,TRADE,ARIMA
NSW1,31/01/2019 15:00,13043.68,153.06,TRADE,ARIMA
NSW1,31/01/2019 15:30,13388.48,141.62,TRADE,ARIMA
NSW1,31/01/2019 16:00,13638.66,244.05,TRADE,ARIMA
NSW1,31/01/2019 16:30,13700.9,1913,TRADE,ARIMA
NSW1,31/01/2019 17:00,13607.67,256.96,TRADE,ARIMA
NSW1,31/01/2019 17:30,12853.58,118.45,TRADE,ARIMA
NSW1,31/01/2019 18:00,12115.24,113.23,TRADE,ARIMA
NSW1,31/01/2019 18:30,11422.04,110.62,TRADE,ARIMA
NSW1,31/01/2019 19:00,10889.16,114.4,TRADE,ARIMA
NSW1,31/01/2019 19:30,10430.67,113.85,TRADE,ARIMA
NSW1,31/01/2019 20:00,10151.35,112.16,TRADE,ARIMA
NSW1,31/01/2019 20:30,9639.91,101.79,TRADE,ARIMA
NSW1,31/01/2019 21:00,9156.11,87.67,TRADE,ARIMA
NSW1,31/01/2019 21:30,8898.25,89.44,TRADE,ARIMA
NSW1,31/01/2019 22:00,8584.26,70.89,TRADE,ARIMA
NSW1,31/01/2019 22:30,8351.58,75.7,TRADE,ARIMA
NSW1,31/01/2019 23:00,8060.04,70.17,TRADE,ARIMA
NSW1,31/01/2019 23:30,7803.95,62.21,TRADE,ARIMA
NSW1,1/02/2019 0:00,7621.71,61.34,TRADE,ARIMA
QLD1,1/04/2019 0:00,11432.565,120,TRADE,ARIMA
QLD1,1/04/2019 0:30,17148.8475,60,TRADE,ARIMA
QLD1,1/04/2019 1:00,25723.27125,72,TRADE,ARIMA
QLD1,1/04/2019 1:30,38584.90688,86.4,TRADE,ARIMA
QLD1,1/04/2019 2:00,57877.36031,103.68,TRADE,ARIMA
QLD1,1/04/2019 2:30,86816.04047,124.416,TRADE,ARIMA
QLD1,1/04/2019 3:00,130224.0607,149.2992,TRADE,ARIMA
QLD1,1/04/2019 3:30,86816.04047,174.1824,TRADE,ARIMA
QLD1,1/04/2019 4:00,17148.8475,99.0656,TRADE,ARIMA
QLD1,1/04/2019 4:30,260448.1214,123.9488,TRADE,ARIMA
QLD1,1/04/2019 5:00,303856.1416,148.832,TRADE,ARIMA
QLD1,1/04/2019 5:30,86816.04047,73.7152,TRADE,ARIMA
QLD1,1/04/2019 6:00,17148.8475,98.5984,TRADE,ARIMA
